order_id,customer_id,restaurant_id,dish,staff_id,city,order_date,quantity,price,discount,total_amount,profit,loss,frequency,last_order_days,churn,rating
ORDER_1,CUST_82,REST_2,Biryani,STAFF_9,Hyderabad,2025-01-23,2,PKR 385,PKR 0.0,PKR 770.0,PKR 233.32,PKR 68.7,14,37,1,1
ORDER_2,CUST_4,REST_2,Pasta,STAFF_8,Multan,2025-04-18,5,PKR 154,PKR 0.05,PKR 731.5,PKR 230.28,PKR 51.3,15,14,0,5
ORDER_3,CUST_36,REST_1,Pizza,STAFF_14,Sukkur,2025-01-24,3,PKR 418,PKR 0.05,PKR 1191.3,PKR 461.23,PKR 40.1,4,24,0,3
ORDER_4,CUST_45,REST_10,Karahi,STAFF_2,Lahore,2025-04-03,5,PKR 355,PKR 0.15,PKR 1508.75,PKR 186.54,PKR 44.23,7,36,1,1
ORDER_5,CUST_6,REST_4,Karahi,STAFF_3,Hyderabad,2025-02-11,1,PKR 878,PKR 0.1,PKR 790.2,PKR 186.51,PKR 65.91,12,23,0,2
ORDER_6,CUST_86,REST_5,Burger,STAFF_20,Hyderabad,2025-05-23,5,PKR 1593,PKR 0.05,PKR 7566.75,PKR 1127.6,PKR 287.12,11,14,0,1
ORDER_7,CUST_30,REST_1,Sandwich,STAFF_13,Sukkur,2025-04-28,1,PKR 532,PKR 0.1,PKR 478.8,PKR 78.42,PKR 23.9,9,9,0,2
ORDER_8,CUST_32,REST_9,Karahi,STAFF_19,Lahore,2025-05-11,5,PKR 917,PKR 0.1,PKR 4126.5,PKR 684.16,PKR 411.63,3,31,1,1
ORDER_9,CUST_15,REST_3,Pizza,STAFF_14,Multan,2025-03-06,1,PKR 888,PKR 0.15,PKR 754.8,PKR 210.41,PKR 35.33,1,35,1,1
ORDER_10,CUST_88,REST_9,Karahi,STAFF_11,Karachi,2025-03-09,3,PKR 990,PKR 0.05,PKR 2821.5,PKR 666.2,PKR 269.12,6,32,1,5
ORDER_11,CUST_14,REST_5,Pasta,STAFF_5,Sukkur,2025-01-29,2,PKR 1204,PKR 0.0,PKR 2408.0,PKR 673.48,PKR 117.66,12,59,1,3
ORDER_12,CUST_31,REST_1,Pasta,STAFF_19,Karachi,2025-05-17,1,PKR 1598,PKR 0.15,PKR 1358.3,PKR 468.35,PKR 132.84,5,49,1,2
ORDER_13,CUST_85,REST_8,Pizza,STAFF_9,Multan,2025-02-21,5,PKR 966,PKR 0.05,PKR 4588.5,PKR 1737.55,PKR 346.55,10,45,1,4
ORDER_14,CUST_86,REST_6,BBQ Platter,STAFF_17,Lahore,2025-05-22,1,PKR 607,PKR 0.05,PKR 576.65,PKR 68.74,PKR 1.21,19,14,0,2
ORDER_15,CUST_1,REST_2,Biryani,STAFF_8,Karachi,2025-05-05,1,PKR 1860,PKR 0.1,PKR 1674.0,PKR 202.98,PKR 39.84,18,13,0,2
ORDER_16,CUST_93,REST_10,BBQ Platter,STAFF_8,Lahore,2025-04-19,4,PKR 489,PKR 0.0,PKR 1956.0,PKR 252.48,PKR 84.31,15,26,0,1
ORDER_17,CUST_87,REST_2,Biryani,STAFF_13,Sukkur,2025-04-19,1,PKR 609,PKR 0.05,PKR 578.55,PKR 90.87,PKR 25.95,9,11,0,4
ORDER_18,CUST_32,REST_2,BBQ Platter,STAFF_18,Karachi,2025-03-02,1,PKR 1435,PKR 0.0,PKR 1435.0,PKR 560.65,PKR 132.93,14,10,0,4
ORDER_19,CUST_62,REST_4,Fries,STAFF_2,Hyderabad,2025-04-27,4,PKR 104,PKR 0.15,PKR 353.6,PKR 63.49,PKR 27.72,14,18,0,5
ORDER_20,CUST_85,REST_8,Pizza,STAFF_7,Sukkur,2025-05-30,2,PKR 219,PKR 0.0,PKR 438.0,PKR 142.08,PKR 2.5,17,30,0,5
ORDER_21,CUST_21,REST_1,Burger,STAFF_6,Karachi,2025-05-26,5,PKR 239,PKR 0.05,PKR 1135.25,PKR 251.04,PKR 106.89,19,15,0,5
ORDER_22,CUST_6,REST_10,Burger,STAFF_14,Multan,2025-03-22,5,PKR 1170,PKR 0.1,PKR 5265.0,PKR 2002.87,PKR 107.54,9,15,0,4
ORDER_23,CUST_17,REST_5,BBQ Platter,STAFF_11,Karachi,2025-03-09,1,PKR 1038,PKR 0.0,PKR 1038.0,PKR 126.61,PKR 22.13,12,8,0,1
ORDER_24,CUST_32,REST_6,Karahi,STAFF_6,Lahore,2025-05-16,5,PKR 1540,PKR 0.1,PKR 6930.0,PKR 1964.68,PKR 684.15,18,0,0,3
ORDER_25,CUST_85,REST_2,Pizza,STAFF_9,Karachi,2025-03-29,1,PKR 1620,PKR 0.05,PKR 1539.0,PKR 279.64,PKR 93.08,9,13,0,5
ORDER_26,CUST_63,REST_5,Biryani,STAFF_3,Lahore,2025-03-09,3,PKR 190,PKR 0.0,PKR 570.0,PKR 114.04,PKR 7.46,15,10,0,5
ORDER_27,CUST_91,REST_7,Biryani,STAFF_4,Karachi,2025-02-07,2,PKR 1217,PKR 0.0,PKR 2434.0,PKR 852.82,PKR 141.78,5,27,0,1
ORDER_28,CUST_40,REST_6,Biryani,STAFF_12,Hyderabad,2025-04-15,2,PKR 1465,PKR 0.0,PKR 2930.0,PKR 603.88,PKR 164.05,5,39,1,2
ORDER_29,CUST_21,REST_3,Fries,STAFF_1,Hyderabad,2025-03-05,3,PKR 1702,PKR 0.15,PKR 4340.1,PKR 1478.54,PKR 375.01,6,17,0,1
ORDER_30,CUST_49,REST_1,BBQ Platter,STAFF_8,Hyderabad,2025-02-27,4,PKR 816,PKR 0.1,PKR 2937.6,PKR 1016.88,PKR 255.96,7,1,0,4
ORDER_31,CUST_43,REST_5,Burger,STAFF_9,Sukkur,2025-03-08,5,PKR 918,PKR 0.1,PKR 4131.0,PKR 1577.1,PKR 47.65,19,11,0,3
ORDER_32,CUST_5,REST_2,Fries,STAFF_12,Sukkur,2025-03-07,4,PKR 1341,PKR 0.0,PKR 5364.0,PKR 1156.26,PKR 309.28,14,2,0,1
ORDER_33,CUST_67,REST_9,Pasta,STAFF_12,Lahore,2025-02-01,1,PKR 1460,PKR 0.1,PKR 1314.0,PKR 377.05,PKR 87.17,10,46,1,5
ORDER_34,CUST_40,REST_7,Sandwich,STAFF_13,Sukkur,2025-02-14,5,PKR 360,PKR 0.05,PKR 1710.0,PKR 386.69,PKR 160.8,19,39,1,3
ORDER_35,CUST_52,REST_9,Biryani,STAFF_10,Sukkur,2025-02-24,2,PKR 980,PKR 0.1,PKR 1764.0,PKR 422.47,PKR 78.0,16,32,1,2
ORDER_36,CUST_85,REST_2,Karahi,STAFF_17,Multan,2025-02-20,3,PKR 291,PKR 0.05,PKR 829.35,PKR 250.33,PKR 18.63,1,9,0,1
ORDER_37,CUST_32,REST_8,Burger,STAFF_15,Lahore,2025-01-02,5,PKR 498,PKR 0.15,PKR 2116.5,PKR 525.55,PKR 51.64,4,57,1,4
ORDER_38,CUST_29,REST_3,BBQ Platter,STAFF_2,Multan,2025-05-16,2,PKR 1978,PKR 0.0,PKR 3956.0,PKR 937.33,PKR 317.04,20,35,1,3
ORDER_39,CUST_97,REST_8,Fries,STAFF_18,Lahore,2025-03-12,2,PKR 1623,PKR 0.15,PKR 2759.1,PKR 648.45,PKR 207.42,17,49,1,4
ORDER_40,CUST_81,REST_4,Karahi,STAFF_15,Karachi,2025-01-21,3,PKR 580,PKR 0.1,PKR 1566.0,PKR 314.38,PKR 139.85,5,8,0,2
ORDER_41,CUST_50,REST_3,Pasta,STAFF_3,Lahore,2025-04-18,4,PKR 777,PKR 0.15,PKR 2641.8,PKR 593.7,PKR 54.64,19,24,0,1
ORDER_42,CUST_98,REST_10,Fries,STAFF_16,Karachi,2025-04-18,3,PKR 711,PKR 0.15,PKR 1813.05,PKR 645.51,PKR 172.86,18,34,1,5
ORDER_43,CUST_29,REST_8,Pasta,STAFF_9,Lahore,2025-04-14,4,PKR 159,PKR 0.15,PKR 540.6,PKR 108.57,PKR 36.71,6,46,1,4
ORDER_44,CUST_17,REST_10,Biryani,STAFF_13,Multan,2025-04-29,5,PKR 1457,PKR 0.0,PKR 7285.0,PKR 911.97,PKR 312.24,2,11,0,3
ORDER_45,CUST_49,REST_6,Pasta,STAFF_15,Sukkur,2025-04-18,3,PKR 1658,PKR 0.15,PKR 4227.9,PKR 775.72,PKR 402.16,3,16,0,4
ORDER_46,CUST_3,REST_9,Biryani,STAFF_12,Hyderabad,2025-02-21,1,PKR 1699,PKR 0.0,PKR 1699.0,PKR 554.33,PKR 161.34,1,53,1,5
ORDER_47,CUST_20,REST_4,Pizza,STAFF_16,Karachi,2025-02-12,5,PKR 546,PKR 0.15,PKR 2320.5,PKR 718.98,PKR 177.96,20,38,1,1
ORDER_48,CUST_100,REST_3,Karahi,STAFF_4,Multan,2025-01-20,1,PKR 738,PKR 0.15,PKR 627.3,PKR 137.38,PKR 44.85,8,37,1,1
ORDER_49,CUST_90,REST_5,Burger,STAFF_19,Karachi,2025-03-29,3,PKR 1191,PKR 0.15,PKR 3037.05,PKR 906.43,PKR 20.94,14,0,0,4
ORDER_50,CUST_14,REST_7,Sandwich,STAFF_15,Hyderabad,2025-05-04,4,PKR 460,PKR 0.1,PKR 1656.0,PKR 471.59,PKR 152.29,14,29,0,5
ORDER_51,CUST_35,REST_6,Pasta,STAFF_3,Sukkur,2025-03-28,4,PKR 599,PKR 0.15,PKR 2036.6,PKR 551.83,PKR 136.08,16,1,0,3
ORDER_52,CUST_24,REST_8,Pasta,STAFF_12,Sukkur,2025-02-18,3,PKR 672,PKR 0.1,PKR 1814.4,PKR 483.97,PKR 93.74,8,5,0,4
ORDER_53,CUST_63,REST_9,Pasta,STAFF_16,Lahore,2025-03-04,4,PKR 1723,PKR 0.0,PKR 6892.0,PKR 881.6,PKR 152.72,19,19,0,3
ORDER_54,CUST_61,REST_9,Sandwich,STAFF_14,Multan,2025-01-31,3,PKR 820,PKR 0.15,PKR 2091.0,PKR 379.05,PKR 52.57,7,46,1,3
ORDER_55,CUST_16,REST_9,Pizza,STAFF_7,Hyderabad,2025-03-17,4,PKR 666,PKR 0.1,PKR 2397.6,PKR 945.02,PKR 199.63,12,14,0,2
ORDER_56,CUST_39,REST_1,Pizza,STAFF_9,Karachi,2025-05-06,1,PKR 1233,PKR 0.1,PKR 1109.7,PKR 343.15,PKR 14.01,1,6,0,5
ORDER_57,CUST_37,REST_8,BBQ Platter,STAFF_15,Sukkur,2025-01-17,2,PKR 205,PKR 0.1,PKR 369.0,PKR 141.08,PKR 17.63,16,25,0,1
ORDER_58,CUST_74,REST_1,Pizza,STAFF_5,Multan,2025-02-27,3,PKR 274,PKR 0.05,PKR 780.9,PKR 105.84,PKR 59.7,17,49,1,4
ORDER_59,CUST_58,REST_8,Karahi,STAFF_19,Lahore,2025-02-23,3,PKR 1264,PKR 0.0,PKR 3792.0,PKR 1072.72,PKR 280.64,7,40,1,3
ORDER_60,CUST_85,REST_2,Pizza,STAFF_8,Hyderabad,2025-05-01,5,PKR 253,PKR 0.05,PKR 1201.75,PKR 121.14,PKR 54.14,2,18,0,2
ORDER_61,CUST_37,REST_5,BBQ Platter,STAFF_3,Hyderabad,2025-02-08,3,PKR 1713,PKR 0.05,PKR 4882.05,PKR 1110.87,PKR 265.86,9,58,1,2
ORDER_62,CUST_10,REST_1,Pizza,STAFF_10,Multan,2025-03-19,5,PKR 1986,PKR 0.1,PKR 8937.0,PKR 2071.11,PKR 418.88,13,44,1,3
ORDER_63,CUST_65,REST_9,BBQ Platter,STAFF_15,Karachi,2025-01-07,5,PKR 181,PKR 0.15,PKR 769.25,PKR 246.44,PKR 46.44,8,5,0,5
ORDER_64,CUST_76,REST_1,Karahi,STAFF_19,Karachi,2025-05-30,2,PKR 1063,PKR 0.15,PKR 1807.1,PKR 677.34,PKR 32.8,16,27,0,1
ORDER_65,CUST_61,REST_6,Fries,STAFF_11,Sukkur,2025-03-15,1,PKR 1856,PKR 0.05,PKR 1763.2,PKR 350.77,PKR 122.31,13,42,1,5
ORDER_66,CUST_5,REST_8,Burger,STAFF_11,Sukkur,2025-01-01,3,PKR 337,PKR 0.15,PKR 859.35,PKR 308.91,PKR 70.89,18,42,1,4
ORDER_67,CUST_53,REST_1,Pasta,STAFF_17,Sukkur,2025-02-22,5,PKR 1649,PKR 0.15,PKR 7008.25,PKR 2015.73,PKR 532.62,18,17,0,2
ORDER_68,CUST_37,REST_8,BBQ Platter,STAFF_4,Karachi,2025-01-04,5,PKR 1736,PKR 0.05,PKR 8246.0,PKR 2580.46,PKR 256.24,14,35,1,1
ORDER_69,CUST_29,REST_2,BBQ Platter,STAFF_4,Hyderabad,2025-05-04,4,PKR 1567,PKR 0.1,PKR 5641.2,PKR 1425.31,PKR 154.24,8,30,0,4
ORDER_70,CUST_71,REST_3,Fries,STAFF_7,Multan,2025-04-17,5,PKR 1628,PKR 0.05,PKR 7733.0,PKR 2777.76,PKR 213.62,17,21,0,3
ORDER_71,CUST_1,REST_5,Karahi,STAFF_19,Multan,2025-03-27,4,PKR 1872,PKR 0.05,PKR 7113.6,PKR 1664.33,PKR 344.54,18,35,1,4
ORDER_72,CUST_59,REST_6,Pasta,STAFF_8,Multan,2025-04-08,4,PKR 578,PKR 0.15,PKR 1965.2,PKR 222.25,PKR 146.35,5,24,0,4
ORDER_73,CUST_5,REST_3,Sandwich,STAFF_4,Lahore,2025-02-09,1,PKR 1177,PKR 0.15,PKR 1000.45,PKR 104.65,PKR 14.42,16,4,0,3
ORDER_74,CUST_44,REST_10,Fries,STAFF_3,Sukkur,2025-05-05,5,PKR 878,PKR 0.1,PKR 3951.0,PKR 1138.05,PKR 350.63,18,55,1,1
ORDER_75,CUST_80,REST_2,Pasta,STAFF_10,Hyderabad,2025-01-26,1,PKR 988,PKR 0.0,PKR 988.0,PKR 324.17,PKR 69.54,6,28,0,3
ORDER_76,CUST_4,REST_1,Sandwich,STAFF_2,Sukkur,2025-05-25,3,PKR 867,PKR 0.15,PKR 2210.85,PKR 317.63,PKR 117.43,6,43,1,2
ORDER_77,CUST_23,REST_2,Fries,STAFF_20,Hyderabad,2025-04-28,4,PKR 1969,PKR 0.05,PKR 7482.2,PKR 1269.4,PKR 477.29,1,16,0,4
ORDER_78,CUST_37,REST_9,Pizza,STAFF_3,Lahore,2025-03-06,3,PKR 1303,PKR 0.1,PKR 3518.1,PKR 1026.17,PKR 149.28,10,29,0,2
ORDER_79,CUST_50,REST_8,Burger,STAFF_8,Lahore,2025-04-12,5,PKR 835,PKR 0.1,PKR 3757.5,PKR 1494.76,PKR 110.93,1,17,0,5
ORDER_80,CUST_88,REST_1,BBQ Platter,STAFF_10,Hyderabad,2025-03-06,5,PKR 1742,PKR 0.1,PKR 7839.0,PKR 1298.93,PKR 149.04,5,43,1,1
ORDER_81,CUST_81,REST_1,Karahi,STAFF_15,Karachi,2025-04-17,5,PKR 847,PKR 0.05,PKR 4023.25,PKR 511.11,PKR 118.73,7,11,0,2
ORDER_82,CUST_70,REST_6,Karahi,STAFF_6,Sukkur,2025-01-30,4,PKR 1751,PKR 0.1,PKR 6303.6,PKR 2042.16,PKR 213.51,3,29,0,2
ORDER_83,CUST_97,REST_4,Fries,STAFF_18,Sukkur,2025-04-27,1,PKR 1719,PKR 0.15,PKR 1461.15,PKR 152.22,PKR 78.4,9,23,0,5
ORDER_84,CUST_49,REST_6,Burger,STAFF_8,Lahore,2025-01-17,1,PKR 1368,PKR 0.1,PKR 1231.2,PKR 461.18,PKR 27.25,15,40,1,3
ORDER_85,CUST_84,REST_7,Burger,STAFF_5,Karachi,2025-05-18,1,PKR 723,PKR 0.15,PKR 614.55,PKR 82.86,PKR 14.43,13,8,0,4
ORDER_86,CUST_48,REST_9,Fries,STAFF_19,Hyderabad,2025-03-13,4,PKR 1441,PKR 0.0,PKR 5764.0,PKR 2018.02,PKR 354.86,12,2,0,2
ORDER_87,CUST_57,REST_8,Pasta,STAFF_12,Karachi,2025-02-01,3,PKR 1215,PKR 0.1,PKR 3280.5,PKR 387.64,PKR 90.5,15,60,1,1
ORDER_88,CUST_85,REST_4,Biryani,STAFF_2,Sukkur,2025-02-23,2,PKR 357,PKR 0.05,PKR 678.3,PKR 81.79,PKR 51.9,7,37,1,2
ORDER_89,CUST_43,REST_3,Biryani,STAFF_9,Hyderabad,2025-01-07,2,PKR 1206,PKR 0.1,PKR 2170.8,PKR 737.1,PKR 23.86,1,8,0,3
ORDER_90,CUST_31,REST_10,Sandwich,STAFF_1,Hyderabad,2025-01-17,3,PKR 207,PKR 0.05,PKR 589.95,PKR 190.27,PKR 31.04,15,30,0,3
ORDER_91,CUST_66,REST_10,Burger,STAFF_15,Multan,2025-05-14,2,PKR 1359,PKR 0.0,PKR 2718.0,PKR 864.79,PKR 247.0,15,19,0,1
ORDER_92,CUST_8,REST_8,Fries,STAFF_14,Karachi,2025-02-07,4,PKR 1558,PKR 0.15,PKR 5297.2,PKR 646.51,PKR 42.8,5,4,0,3
ORDER_93,CUST_80,REST_10,Sandwich,STAFF_13,Multan,2025-01-30,5,PKR 703,PKR 0.15,PKR 2987.75,PKR 751.91,PKR 128.53,18,54,1,2
ORDER_94,CUST_56,REST_8,Pasta,STAFF_14,Sukkur,2025-03-22,4,PKR 916,PKR 0.15,PKR 3114.4,PKR 993.13,PKR 97.34,9,42,1,3
ORDER_95,CUST_20,REST_8,Burger,STAFF_3,Karachi,2025-02-03,1,PKR 984,PKR 0.0,PKR 984.0,PKR 318.2,PKR 36.67,2,35,1,5
ORDER_96,CUST_72,REST_9,Sandwich,STAFF_4,Lahore,2025-03-15,3,PKR 1889,PKR 0.15,PKR 4816.95,PKR 1736.16,PKR 347.33,10,38,1,3
ORDER_97,CUST_14,REST_10,Pasta,STAFF_5,Lahore,2025-01-30,2,PKR 1835,PKR 0.0,PKR 3670.0,PKR 752.48,PKR 204.15,9,48,1,5
ORDER_98,CUST_29,REST_7,Biryani,STAFF_20,Sukkur,2025-03-28,1,PKR 469,PKR 0.1,PKR 422.1,PKR 131.19,PKR 13.04,1,22,0,2
ORDER_99,CUST_19,REST_10,Fries,STAFF_3,Hyderabad,2025-02-10,1,PKR 287,PKR 0.05,PKR 272.65,PKR 58.04,PKR 12.37,10,23,0,3
ORDER_100,CUST_100,REST_10,Burger,STAFF_2,Hyderabad,2025-04-19,2,PKR 1645,PKR 0.0,PKR 3290.0,PKR 994.21,PKR 89.52,20,31,1,4
ORDER_101,CUST_54,REST_5,Pasta,STAFF_17,Karachi,2025-05-05,3,PKR 980,PKR 0.0,PKR 2940.0,PKR 543.82,PKR 199.47,10,33,1,1
ORDER_102,CUST_29,REST_7,Biryani,STAFF_1,Hyderabad,2025-01-31,3,PKR 532,PKR 0.05,PKR 1516.2,PKR 499.21,PKR 43.89,16,0,0,4
ORDER_103,CUST_23,REST_3,Fries,STAFF_18,Hyderabad,2025-01-11,5,PKR 1244,PKR 0.1,PKR 5598.0,PKR 680.84,PKR 482.42,1,27,0,4
ORDER_104,CUST_10,REST_6,Fries,STAFF_19,Lahore,2025-02-13,4,PKR 692,PKR 0.0,PKR 2768.0,PKR 613.14,PKR 267.44,20,51,1,4
ORDER_105,CUST_89,REST_6,Burger,STAFF_14,Karachi,2025-03-21,2,PKR 992,PKR 0.15,PKR 1686.4,PKR 433.72,PKR 66.74,11,47,1,2
ORDER_106,CUST_43,REST_3,Burger,STAFF_17,Karachi,2025-02-07,5,PKR 1144,PKR 0.05,PKR 5434.0,PKR 2020.24,PKR 189.85,4,15,0,2
ORDER_107,CUST_33,REST_4,Pizza,STAFF_20,Hyderabad,2025-05-29,1,PKR 462,PKR 0.15,PKR 392.7,PKR 93.93,PKR 22.14,19,28,0,5
ORDER_108,CUST_42,REST_6,Pizza,STAFF_15,Karachi,2025-04-01,4,PKR 1005,PKR 0.1,PKR 3618.0,PKR 1226.14,PKR 213.98,3,32,1,3
ORDER_109,CUST_60,REST_8,Biryani,STAFF_2,Sukkur,2025-04-29,3,PKR 257,PKR 0.0,PKR 771.0,PKR 219.35,PKR 39.09,18,37,1,1
ORDER_110,CUST_58,REST_10,Pasta,STAFF_11,Multan,2025-03-29,4,PKR 1126,PKR 0.05,PKR 4278.8,PKR 1657.25,PKR 192.77,3,45,1,5
ORDER_111,CUST_83,REST_3,Biryani,STAFF_8,Lahore,2025-04-10,4,PKR 1173,PKR 0.05,PKR 4457.4,PKR 932.35,PKR 409.16,11,26,0,5
ORDER_112,CUST_7,REST_6,Burger,STAFF_11,Karachi,2025-02-08,5,PKR 1489,PKR 0.15,PKR 6328.25,PKR 1172.27,PKR 458.0,3,21,0,5
ORDER_113,CUST_85,REST_3,Sandwich,STAFF_10,Lahore,2025-03-26,2,PKR 1318,PKR 0.0,PKR 2636.0,PKR 508.42,PKR 99.29,5,52,1,5
ORDER_114,CUST_12,REST_7,Sandwich,STAFF_1,Sukkur,2025-02-19,3,PKR 469,PKR 0.05,PKR 1336.65,PKR 270.7,PKR 102.41,5,14,0,2
ORDER_115,CUST_10,REST_5,Burger,STAFF_17,Multan,2025-04-07,5,PKR 177,PKR 0.1,PKR 796.5,PKR 289.06,PKR 49.23,6,9,0,2
ORDER_116,CUST_89,REST_10,Pizza,STAFF_15,Karachi,2025-04-25,4,PKR 846,PKR 0.05,PKR 3214.8,PKR 1256.59,PKR 196.29,18,14,0,2
ORDER_117,CUST_40,REST_8,Pasta,STAFF_12,Multan,2025-04-18,4,PKR 1045,PKR 0.1,PKR 3762.0,PKR 1254.39,PKR 189.19,7,10,0,5
ORDER_118,CUST_18,REST_5,Biryani,STAFF_16,Sukkur,2025-03-11,5,PKR 310,PKR 0.0,PKR 1550.0,PKR 287.55,PKR 118.28,17,28,0,2
ORDER_119,CUST_56,REST_2,Pasta,STAFF_15,Sukkur,2025-04-09,1,PKR 949,PKR 0.0,PKR 949.0,PKR 207.77,PKR 35.49,12,5,0,2
ORDER_120,CUST_4,REST_6,Burger,STAFF_11,Hyderabad,2025-02-05,2,PKR 178,PKR 0.1,PKR 320.4,PKR 120.22,PKR 15.14,16,48,1,4
ORDER_121,CUST_79,REST_1,Burger,STAFF_1,Sukkur,2025-05-16,2,PKR 1810,PKR 0.05,PKR 3439.0,PKR 910.1,PKR 250.1,4,27,0,3
ORDER_122,CUST_31,REST_5,Burger,STAFF_2,Hyderabad,2025-05-08,4,PKR 1408,PKR 0.15,PKR 4787.2,PKR 568.92,PKR 400.54,18,38,1,1
ORDER_123,CUST_81,REST_9,Pasta,STAFF_5,Sukkur,2025-01-22,4,PKR 103,PKR 0.1,PKR 370.8,PKR 63.84,PKR 15.45,12,33,1,1
ORDER_124,CUST_68,REST_9,Biryani,STAFF_13,Lahore,2025-01-05,1,PKR 1401,PKR 0.15,PKR 1190.85,PKR 469.57,PKR 30.21,3,22,0,3
ORDER_125,CUST_31,REST_2,Sandwich,STAFF_5,Karachi,2025-04-29,3,PKR 1218,PKR 0.1,PKR 3288.6,PKR 1131.45,PKR 57.58,16,44,1,2
ORDER_126,CUST_18,REST_2,BBQ Platter,STAFF_2,Sukkur,2025-03-21,2,PKR 189,PKR 0.05,PKR 359.1,PKR 131.34,PKR 11.33,13,32,1,5
ORDER_127,CUST_61,REST_5,Biryani,STAFF_7,Sukkur,2025-02-01,3,PKR 1865,PKR 0.0,PKR 5595.0,PKR 2012.74,PKR 185.71,12,51,1,4
ORDER_128,CUST_52,REST_8,Fries,STAFF_11,Hyderabad,2025-03-10,4,PKR 1517,PKR 0.15,PKR 5157.8,PKR 1084.19,PKR 411.23,3,51,1,4
ORDER_129,CUST_11,REST_7,Pizza,STAFF_18,Sukkur,2025-04-25,3,PKR 310,PKR 0.0,PKR 930.0,PKR 184.49,PKR 27.49,14,38,1,2
ORDER_130,CUST_89,REST_8,Sandwich,STAFF_15,Karachi,2025-01-15,3,PKR 1359,PKR 0.15,PKR 3465.45,PKR 631.98,PKR 339.62,13,4,0,3
ORDER_131,CUST_66,REST_3,Biryani,STAFF_5,Multan,2025-04-04,4,PKR 171,PKR 0.05,PKR 649.8,PKR 78.09,PKR 50.59,13,23,0,5
ORDER_132,CUST_5,REST_10,Pizza,STAFF_15,Sukkur,2025-04-12,3,PKR 1009,PKR 0.0,PKR 3027.0,PKR 823.88,PKR 160.27,9,20,0,2
ORDER_133,CUST_15,REST_1,Pizza,STAFF_16,Multan,2025-04-25,4,PKR 1970,PKR 0.0,PKR 7880.0,PKR 1406.84,PKR 205.11,20,13,0,3
ORDER_134,CUST_89,REST_8,Pasta,STAFF_4,Hyderabad,2025-01-23,1,PKR 1025,PKR 0.05,PKR 973.75,PKR 359.9,PKR 43.34,11,51,1,3
ORDER_135,CUST_91,REST_2,Karahi,STAFF_10,Hyderabad,2025-02-21,2,PKR 1725,PKR 0.1,PKR 3105.0,PKR 784.41,PKR 37.68,5,50,1,2
ORDER_136,CUST_64,REST_1,Sandwich,STAFF_18,Multan,2025-03-21,3,PKR 1057,PKR 0.05,PKR 3012.45,PKR 854.28,PKR 25.97,16,25,0,5
ORDER_137,CUST_53,REST_7,Burger,STAFF_5,Sukkur,2025-05-22,1,PKR 1021,PKR 0.15,PKR 867.85,PKR 263.85,PKR 29.9,19,40,1,2
ORDER_138,CUST_99,REST_3,Fries,STAFF_17,Karachi,2025-02-27,1,PKR 1161,PKR 0.05,PKR 1102.95,PKR 210.93,PKR 17.86,17,22,0,3
ORDER_139,CUST_11,REST_5,Pasta,STAFF_18,Sukkur,2025-02-13,2,PKR 1380,PKR 0.1,PKR 2484.0,PKR 706.27,PKR 23.21,19,37,1,2
ORDER_140,CUST_22,REST_10,Sandwich,STAFF_19,Karachi,2025-03-09,1,PKR 266,PKR 0.0,PKR 266.0,PKR 102.29,PKR 20.51,7,41,1,5
ORDER_141,CUST_54,REST_10,Biryani,STAFF_16,Multan,2025-04-14,3,PKR 1414,PKR 0.1,PKR 3817.8,PKR 934.92,PKR 307.21,15,19,0,1
ORDER_142,CUST_89,REST_1,Pizza,STAFF_15,Lahore,2025-03-23,4,PKR 1051,PKR 0.05,PKR 3993.8,PKR 806.98,PKR 57.38,12,46,1,4
ORDER_143,CUST_17,REST_6,Burger,STAFF_11,Hyderabad,2025-01-13,4,PKR 350,PKR 0.1,PKR 1260.0,PKR 295.95,PKR 17.75,13,18,0,5
ORDER_144,CUST_54,REST_4,Pizza,STAFF_11,Multan,2025-05-08,3,PKR 488,PKR 0.05,PKR 1390.8,PKR 346.98,PKR 71.59,10,56,1,4
ORDER_145,CUST_3,REST_2,Fries,STAFF_17,Lahore,2025-05-01,2,PKR 540,PKR 0.1,PKR 972.0,PKR 111.39,PKR 27.35,18,18,0,1
ORDER_146,CUST_14,REST_7,Pizza,STAFF_9,Sukkur,2025-02-19,4,PKR 849,PKR 0.0,PKR 3396.0,PKR 747.71,PKR 193.67,18,23,0,3
ORDER_147,CUST_10,REST_7,BBQ Platter,STAFF_18,Sukkur,2025-04-06,5,PKR 1493,PKR 0.0,PKR 7465.0,PKR 1034.64,PKR 72.17,11,50,1,5
ORDER_148,CUST_47,REST_3,Pasta,STAFF_20,Multan,2025-03-27,4,PKR 1124,PKR 0.0,PKR 4496.0,PKR 510.71,PKR 61.61,16,51,1,5
ORDER_149,CUST_59,REST_3,Pizza,STAFF_11,Multan,2025-03-18,3,PKR 432,PKR 0.15,PKR 1101.6,PKR 437.54,PKR 81.44,11,37,1,5
ORDER_150,CUST_66,REST_9,BBQ Platter,STAFF_19,Sukkur,2025-04-17,4,PKR 1770,PKR 0.0,PKR 7080.0,PKR 1490.39,PKR 477.05,10,37,1,1
ORDER_151,CUST_77,REST_8,Karahi,STAFF_19,Multan,2025-04-08,2,PKR 1577,PKR 0.0,PKR 3154.0,PKR 867.53,PKR 53.78,8,9,0,1
ORDER_152,CUST_74,REST_2,Pasta,STAFF_1,Lahore,2025-05-09,3,PKR 957,PKR 0.05,PKR 2727.45,PKR 610.64,PKR 55.61,20,49,1,4
ORDER_153,CUST_95,REST_1,Pizza,STAFF_17,Hyderabad,2025-02-14,5,PKR 765,PKR 0.15,PKR 3251.25,PKR 837.66,PKR 102.01,18,29,0,3
ORDER_154,CUST_70,REST_6,Karahi,STAFF_20,Lahore,2025-03-18,2,PKR 604,PKR 0.1,PKR 1087.2,PKR 290.75,PKR 24.45,10,49,1,2
ORDER_155,CUST_89,REST_8,Sandwich,STAFF_16,Sukkur,2025-05-20,5,PKR 1728,PKR 0.1,PKR 7776.0,PKR 1448.96,PKR 445.94,13,24,0,3
ORDER_156,CUST_99,REST_3,Karahi,STAFF_2,Sukkur,2025-02-24,1,PKR 809,PKR 0.15,PKR 687.65,PKR 204.09,PKR 51.39,18,12,0,3
ORDER_157,CUST_72,REST_5,Pizza,STAFF_4,Multan,2025-02-27,5,PKR 590,PKR 0.05,PKR 2802.5,PKR 322.93,PKR 253.68,8,40,1,1
ORDER_158,CUST_13,REST_7,Sandwich,STAFF_16,Karachi,2025-05-02,2,PKR 110,PKR 0.05,PKR 209.0,PKR 46.41,PKR 19.54,7,30,0,3
ORDER_159,CUST_42,REST_5,Biryani,STAFF_3,Multan,2025-02-15,2,PKR 1195,PKR 0.0,PKR 2390.0,PKR 893.79,PKR 41.84,2,59,1,4
ORDER_160,CUST_64,REST_3,Karahi,STAFF_2,Karachi,2025-04-27,3,PKR 1263,PKR 0.0,PKR 3789.0,PKR 1434.27,PKR 126.95,18,41,1,5
ORDER_161,CUST_64,REST_3,BBQ Platter,STAFF_9,Hyderabad,2025-02-17,1,PKR 777,PKR 0.05,PKR 738.15,PKR 235.72,PKR 47.85,11,0,0,3
ORDER_162,CUST_73,REST_4,Pizza,STAFF_20,Lahore,2025-02-17,4,PKR 1155,PKR 0.1,PKR 4158.0,PKR 524.0,PKR 278.28,16,8,0,3
ORDER_163,CUST_32,REST_1,Karahi,STAFF_13,Hyderabad,2025-05-27,4,PKR 1643,PKR 0.1,PKR 5914.8,PKR 2284.36,PKR 178.59,9,0,0,3
ORDER_164,CUST_89,REST_4,Biryani,STAFF_4,Lahore,2025-03-21,3,PKR 427,PKR 0.15,PKR 1088.85,PKR 332.99,PKR 100.51,4,44,1,3
ORDER_165,CUST_48,REST_10,Pasta,STAFF_8,Hyderabad,2025-04-17,4,PKR 413,PKR 0.15,PKR 1404.2,PKR 455.41,PKR 85.06,18,44,1,4
ORDER_166,CUST_97,REST_9,Pasta,STAFF_8,Multan,2025-05-25,1,PKR 1176,PKR 0.15,PKR 999.6,PKR 258.35,PKR 36.16,2,7,0,5
ORDER_167,CUST_65,REST_4,Pizza,STAFF_6,Sukkur,2025-05-06,5,PKR 1004,PKR 0.0,PKR 5020.0,PKR 1526.52,PKR 359.89,17,5,0,4
ORDER_168,CUST_8,REST_8,Pizza,STAFF_17,Lahore,2025-03-20,4,PKR 1254,PKR 0.0,PKR 5016.0,PKR 1342.48,PKR 337.46,1,46,1,4
ORDER_169,CUST_33,REST_1,Pasta,STAFF_19,Karachi,2025-01-16,1,PKR 967,PKR 0.1,PKR 870.3,PKR 269.89,PKR 47.1,3,59,1,4
ORDER_170,CUST_5,REST_5,Fries,STAFF_6,Hyderabad,2025-04-07,4,PKR 866,PKR 0.15,PKR 2944.4,PKR 690.64,PKR 270.04,3,24,0,5
ORDER_171,CUST_18,REST_6,Burger,STAFF_6,Multan,2025-01-01,4,PKR 1183,PKR 0.05,PKR 4495.4,PKR 1431.14,PKR 100.11,1,48,1,3
ORDER_172,CUST_60,REST_9,Fries,STAFF_18,Lahore,2025-01-29,2,PKR 606,PKR 0.15,PKR 1030.2,PKR 210.0,PKR 28.4,14,2,0,5
ORDER_173,CUST_99,REST_1,Pasta,STAFF_7,Karachi,2025-01-13,1,PKR 1316,PKR 0.0,PKR 1316.0,PKR 307.85,PKR 88.44,2,15,0,4
ORDER_174,CUST_57,REST_4,Pasta,STAFF_2,Hyderabad,2025-03-23,5,PKR 692,PKR 0.05,PKR 3287.0,PKR 1133.15,PKR 240.45,20,36,1,3
ORDER_175,CUST_31,REST_5,Pizza,STAFF_17,Hyderabad,2025-02-14,4,PKR 715,PKR 0.1,PKR 2574.0,PKR 304.47,PKR 244.15,14,40,1,5
ORDER_176,CUST_64,REST_1,Sandwich,STAFF_13,Multan,2025-02-17,3,PKR 1526,PKR 0.15,PKR 3891.3,PKR 865.73,PKR 116.7,18,48,1,4
ORDER_177,CUST_31,REST_4,Karahi,STAFF_5,Lahore,2025-02-04,1,PKR 1251,PKR 0.15,PKR 1063.35,PKR 415.06,PKR 59.26,8,24,0,3
ORDER_178,CUST_27,REST_6,Burger,STAFF_15,Sukkur,2025-01-11,1,PKR 1196,PKR 0.05,PKR 1136.2,PKR 131.19,PKR 42.85,3,55,1,2
ORDER_179,CUST_98,REST_10,Pasta,STAFF_16,Hyderabad,2025-01-31,3,PKR 720,PKR 0.0,PKR 2160.0,PKR 353.25,PKR 41.05,16,47,1,2
ORDER_180,CUST_90,REST_10,Pasta,STAFF_13,Hyderabad,2025-04-02,5,PKR 758,PKR 0.1,PKR 3411.0,PKR 730.63,PKR 182.03,9,19,0,3
ORDER_181,CUST_66,REST_8,BBQ Platter,STAFF_4,Lahore,2025-05-25,3,PKR 1972,PKR 0.05,PKR 5620.2,PKR 1187.05,PKR 232.64,8,55,1,2
ORDER_182,CUST_3,REST_5,Fries,STAFF_10,Hyderabad,2025-05-08,2,PKR 775,PKR 0.05,PKR 1472.5,PKR 315.04,PKR 122.71,11,35,1,3
ORDER_183,CUST_98,REST_8,BBQ Platter,STAFF_15,Hyderabad,2025-05-19,3,PKR 446,PKR 0.05,PKR 1271.1,PKR 401.79,PKR 62.07,2,41,1,5
ORDER_184,CUST_5,REST_2,Biryani,STAFF_1,Lahore,2025-02-25,2,PKR 1825,PKR 0.05,PKR 3467.5,PKR 417.45,PKR 52.37,15,32,1,3
ORDER_185,CUST_8,REST_10,BBQ Platter,STAFF_16,Karachi,2025-03-12,1,PKR 1189,PKR 0.15,PKR 1010.65,PKR 104.66,PKR 53.51,10,34,1,1
ORDER_186,CUST_65,REST_7,Pizza,STAFF_4,Karachi,2025-04-01,5,PKR 404,PKR 0.05,PKR 1919.0,PKR 302.4,PKR 101.03,13,17,0,1
ORDER_187,CUST_48,REST_7,BBQ Platter,STAFF_19,Hyderabad,2025-01-09,2,PKR 714,PKR 0.0,PKR 1428.0,PKR 422.86,PKR 122.55,13,5,0,4
ORDER_188,CUST_49,REST_9,BBQ Platter,STAFF_2,Karachi,2025-03-26,2,PKR 269,PKR 0.15,PKR 457.3,PKR 161.7,PKR 29.49,4,36,1,5
ORDER_189,CUST_6,REST_4,Pasta,STAFF_19,Lahore,2025-05-20,3,PKR 195,PKR 0.0,PKR 585.0,PKR 178.62,PKR 16.4,2,36,1,2
ORDER_190,CUST_41,REST_1,Pasta,STAFF_19,Hyderabad,2025-04-10,4,PKR 257,PKR 0.1,PKR 925.2,PKR 137.61,PKR 22.25,18,43,1,3
ORDER_191,CUST_50,REST_3,Burger,STAFF_17,Sukkur,2025-04-12,1,PKR 300,PKR 0.15,PKR 255.0,PKR 43.26,PKR 1.94,11,49,1,1
ORDER_192,CUST_82,REST_5,BBQ Platter,STAFF_16,Hyderabad,2025-04-08,3,PKR 1232,PKR 0.15,PKR 3141.6,PKR 721.17,PKR 213.53,20,5,0,3
ORDER_193,CUST_32,REST_2,Burger,STAFF_9,Hyderabad,2025-01-28,4,PKR 1557,PKR 0.05,PKR 5916.6,PKR 1904.53,PKR 187.37,1,5,0,3
ORDER_194,CUST_57,REST_6,Karahi,STAFF_4,Hyderabad,2025-04-15,1,PKR 483,PKR 0.15,PKR 410.55,PKR 96.34,PKR 22.77,1,6,0,1
ORDER_195,CUST_46,REST_9,Burger,STAFF_20,Multan,2025-01-22,3,PKR 1868,PKR 0.15,PKR 4763.4,PKR 493.97,PKR 197.11,18,46,1,2
ORDER_196,CUST_74,REST_9,Pizza,STAFF_13,Hyderabad,2025-02-12,2,PKR 650,PKR 0.1,PKR 1170.0,PKR 211.21,PKR 17.07,9,27,0,4
ORDER_197,CUST_39,REST_8,Burger,STAFF_12,Sukkur,2025-01-28,2,PKR 1576,PKR 0.15,PKR 2679.2,PKR 745.2,PKR 52.39,10,8,0,1
ORDER_198,CUST_51,REST_6,Fries,STAFF_11,Lahore,2025-02-21,3,PKR 981,PKR 0.05,PKR 2795.85,PKR 531.58,PKR 168.65,11,30,0,2
ORDER_199,CUST_51,REST_6,Karahi,STAFF_16,Multan,2025-04-04,2,PKR 767,PKR 0.15,PKR 1303.9,PKR 240.04,PKR 102.47,19,7,0,2
ORDER_200,CUST_76,REST_9,Pizza,STAFF_18,Karachi,2025-01-18,4,PKR 1550,PKR 0.05,PKR 5890.0,PKR 1363.75,PKR 171.59,14,52,1,4
ORDER_201,CUST_18,REST_5,Pasta,STAFF_9,Hyderabad,2025-05-03,4,PKR 1716,PKR 0.15,PKR 5834.4,PKR 712.9,PKR 578.01,13,37,1,5
ORDER_202,CUST_65,REST_7,Biryani,STAFF_12,Multan,2025-04-01,5,PKR 1406,PKR 0.0,PKR 7030.0,PKR 933.66,PKR 174.51,20,10,0,1
ORDER_203,CUST_73,REST_7,Sandwich,STAFF_14,Karachi,2025-05-23,1,PKR 301,PKR 0.1,PKR 270.9,PKR 45.13,PKR 20.23,19,37,1,2
ORDER_204,CUST_58,REST_6,Fries,STAFF_15,Multan,2025-03-17,5,PKR 408,PKR 0.1,PKR 1836.0,PKR 733.13,PKR 88.64,3,26,0,1
ORDER_205,CUST_94,REST_3,Sandwich,STAFF_10,Sukkur,2025-01-25,4,PKR 1706,PKR 0.05,PKR 6482.8,PKR 1661.76,PKR 225.8,15,28,0,3
ORDER_206,CUST_9,REST_5,Biryani,STAFF_4,Karachi,2025-03-04,3,PKR 1427,PKR 0.0,PKR 4281.0,PKR 1297.75,PKR 70.36,6,33,1,5
ORDER_207,CUST_21,REST_6,Fries,STAFF_15,Hyderabad,2025-04-12,4,PKR 1389,PKR 0.05,PKR 5278.2,PKR 822.96,PKR 346.94,20,1,0,2
ORDER_208,CUST_58,REST_10,Fries,STAFF_13,Karachi,2025-01-17,2,PKR 521,PKR 0.1,PKR 937.8,PKR 305.44,PKR 75.84,4,36,1,5
ORDER_209,CUST_24,REST_6,Sandwich,STAFF_7,Lahore,2025-04-10,1,PKR 637,PKR 0.15,PKR 541.45,PKR 139.86,PKR 34.6,13,39,1,5
ORDER_210,CUST_15,REST_6,Sandwich,STAFF_15,Multan,2025-02-04,2,PKR 1766,PKR 0.1,PKR 3178.8,PKR 1193.97,PKR 187.6,4,20,0,2
ORDER_211,CUST_40,REST_2,Pizza,STAFF_12,Hyderabad,2025-04-19,5,PKR 895,PKR 0.15,PKR 3803.75,PKR 1060.97,PKR 218.64,16,11,0,5
ORDER_212,CUST_89,REST_3,Pizza,STAFF_16,Sukkur,2025-04-02,2,PKR 483,PKR 0.1,PKR 869.4,PKR 306.55,PKR 53.85,1,60,1,4
ORDER_213,CUST_18,REST_4,Fries,STAFF_18,Multan,2025-05-06,4,PKR 937,PKR 0.15,PKR 3185.8,PKR 715.81,PKR 267.57,3,10,0,5
ORDER_214,CUST_4,REST_4,Karahi,STAFF_2,Sukkur,2025-05-07,2,PKR 1201,PKR 0.1,PKR 2161.8,PKR 325.27,PKR 98.86,17,35,1,1
ORDER_215,CUST_74,REST_2,Karahi,STAFF_18,Sukkur,2025-02-25,5,PKR 1784,PKR 0.0,PKR 8920.0,PKR 2925.77,PKR 393.7,4,27,0,2
ORDER_216,CUST_39,REST_1,BBQ Platter,STAFF_9,Sukkur,2025-05-31,1,PKR 999,PKR 0.0,PKR 999.0,PKR 332.36,PKR 23.67,12,44,1,5
ORDER_217,CUST_81,REST_7,Pizza,STAFF_20,Hyderabad,2025-05-17,2,PKR 1766,PKR 0.05,PKR 3355.4,PKR 1146.31,PKR 191.28,20,17,0,5
ORDER_218,CUST_22,REST_6,Karahi,STAFF_10,Multan,2025-04-16,3,PKR 1857,PKR 0.0,PKR 5571.0,PKR 783.71,PKR 417.88,2,58,1,3
ORDER_219,CUST_84,REST_3,Pizza,STAFF_8,Hyderabad,2025-05-06,3,PKR 1796,PKR 0.05,PKR 5118.6,PKR 1681.16,PKR 346.14,19,9,0,3
ORDER_220,CUST_81,REST_7,Fries,STAFF_15,Karachi,2025-04-27,1,PKR 925,PKR 0.1,PKR 832.5,PKR 256.75,PKR 73.04,16,60,1,3
ORDER_221,CUST_75,REST_1,Burger,STAFF_15,Sukkur,2025-02-24,1,PKR 1729,PKR 0.15,PKR 1469.65,PKR 243.01,PKR 63.14,9,31,1,3
ORDER_222,CUST_37,REST_6,Pizza,STAFF_19,Lahore,2025-04-28,3,PKR 1931,PKR 0.0,PKR 5793.0,PKR 659.14,PKR 362.75,4,1,0,2
ORDER_223,CUST_57,REST_8,Biryani,STAFF_14,Hyderabad,2025-03-12,2,PKR 1906,PKR 0.1,PKR 3430.8,PKR 506.71,PKR 320.0,12,5,0,3
ORDER_224,CUST_11,REST_6,Pizza,STAFF_2,Lahore,2025-01-25,3,PKR 1586,PKR 0.05,PKR 4520.1,PKR 1034.06,PKR 41.22,7,0,0,4
ORDER_225,CUST_10,REST_3,Pasta,STAFF_17,Lahore,2025-04-19,1,PKR 116,PKR 0.1,PKR 104.4,PKR 36.03,PKR 10.32,5,44,1,4
ORDER_226,CUST_10,REST_4,Fries,STAFF_3,Karachi,2025-02-04,1,PKR 741,PKR 0.1,PKR 666.9,PKR 242.95,PKR 9.15,5,41,1,1
ORDER_227,CUST_68,REST_10,Biryani,STAFF_20,Hyderabad,2025-04-16,4,PKR 819,PKR 0.05,PKR 3112.2,PKR 897.63,PKR 47.11,15,39,1,2
ORDER_228,CUST_12,REST_2,Pizza,STAFF_4,Multan,2025-03-12,4,PKR 819,PKR 0.15,PKR 2784.6,PKR 541.19,PKR 38.94,3,41,1,2
ORDER_229,CUST_71,REST_10,Karahi,STAFF_1,Sukkur,2025-01-14,2,PKR 1160,PKR 0.05,PKR 2204.0,PKR 714.87,PKR 65.14,8,50,1,4
ORDER_230,CUST_50,REST_2,Pasta,STAFF_16,Multan,2025-02-03,1,PKR 1181,PKR 0.0,PKR 1181.0,PKR 467.75,PKR 110.3,19,24,0,4
ORDER_231,CUST_47,REST_9,Pizza,STAFF_16,Karachi,2025-01-16,1,PKR 1302,PKR 0.0,PKR 1302.0,PKR 135.59,PKR 28.09,13,60,1,5
ORDER_232,CUST_37,REST_9,Fries,STAFF_14,Lahore,2025-05-11,1,PKR 1411,PKR 0.05,PKR 1340.45,PKR 245.62,PKR 41.54,7,58,1,2
ORDER_233,CUST_69,REST_6,Fries,STAFF_19,Karachi,2025-01-15,3,PKR 1530,PKR 0.15,PKR 3901.5,PKR 1244.53,PKR 330.25,3,15,0,4
ORDER_234,CUST_15,REST_8,Biryani,STAFF_10,Hyderabad,2025-03-30,1,PKR 125,PKR 0.05,PKR 118.75,PKR 36.87,PKR 1.95,17,33,1,3
ORDER_235,CUST_22,REST_6,Pizza,STAFF_9,Karachi,2025-05-28,1,PKR 786,PKR 0.15,PKR 668.1,PKR 121.32,PKR 4.27,3,40,1,4
ORDER_236,CUST_59,REST_9,Sandwich,STAFF_2,Lahore,2025-05-27,5,PKR 441,PKR 0.1,PKR 1984.5,PKR 292.1,PKR 153.47,4,43,1,2
ORDER_237,CUST_95,REST_9,Biryani,STAFF_2,Karachi,2025-02-15,2,PKR 194,PKR 0.15,PKR 329.8,PKR 68.99,PKR 30.35,2,59,1,5
ORDER_238,CUST_92,REST_7,Pasta,STAFF_11,Hyderabad,2025-04-06,4,PKR 1975,PKR 0.1,PKR 7110.0,PKR 1289.59,PKR 55.38,17,7,0,1
ORDER_239,CUST_23,REST_4,Biryani,STAFF_13,Karachi,2025-01-23,4,PKR 1873,PKR 0.1,PKR 6742.8,PKR 2239.0,PKR 209.5,15,35,1,1
ORDER_240,CUST_48,REST_4,Karahi,STAFF_19,Sukkur,2025-02-20,5,PKR 596,PKR 0.15,PKR 2533.0,PKR 533.15,PKR 246.17,18,46,1,2
ORDER_241,CUST_20,REST_1,Fries,STAFF_1,Hyderabad,2025-04-07,5,PKR 809,PKR 0.0,PKR 4045.0,PKR 1558.53,PKR 0.59,10,54,1,1
ORDER_242,CUST_27,REST_9,Pasta,STAFF_14,Lahore,2025-05-14,1,PKR 391,PKR 0.1,PKR 351.9,PKR 45.01,PKR 32.42,12,26,0,4
ORDER_243,CUST_96,REST_2,Burger,STAFF_17,Hyderabad,2025-03-02,4,PKR 253,PKR 0.0,PKR 1012.0,PKR 233.26,PKR 97.58,9,18,0,3
ORDER_244,CUST_51,REST_6,Sandwich,STAFF_15,Sukkur,2025-01-28,2,PKR 252,PKR 0.05,PKR 478.8,PKR 67.43,PKR 36.87,4,9,0,2
ORDER_245,CUST_58,REST_8,Sandwich,STAFF_14,Karachi,2025-01-31,5,PKR 833,PKR 0.05,PKR 3956.75,PKR 932.11,PKR 183.33,6,5,0,3
ORDER_246,CUST_91,REST_10,Biryani,STAFF_7,Sukkur,2025-01-13,2,PKR 286,PKR 0.05,PKR 543.4,PKR 212.21,PKR 21.53,10,43,1,3
ORDER_247,CUST_23,REST_1,Fries,STAFF_15,Multan,2025-02-05,5,PKR 611,PKR 0.0,PKR 3055.0,PKR 728.96,PKR 245.59,1,7,0,1
ORDER_248,CUST_100,REST_4,Pizza,STAFF_7,Lahore,2025-01-20,3,PKR 1505,PKR 0.0,PKR 4515.0,PKR 1240.26,PKR 116.86,3,1,0,2
ORDER_249,CUST_83,REST_8,Pizza,STAFF_3,Sukkur,2025-04-21,1,PKR 187,PKR 0.15,PKR 158.95,PKR 18.31,PKR 14.69,13,52,1,4
ORDER_250,CUST_4,REST_7,Fries,STAFF_6,Sukkur,2025-02-08,2,PKR 1960,PKR 0.05,PKR 3724.0,PKR 679.61,PKR 166.09,20,2,0,5
ORDER_251,CUST_79,REST_4,Karahi,STAFF_16,Lahore,2025-04-18,5,PKR 1081,PKR 0.0,PKR 5405.0,PKR 682.74,PKR 207.02,17,12,0,2
ORDER_252,CUST_81,REST_9,Biryani,STAFF_13,Sukkur,2025-03-24,4,PKR 1215,PKR 0.15,PKR 4131.0,PKR 839.46,PKR 233.67,9,24,0,2
ORDER_253,CUST_4,REST_6,Pasta,STAFF_1,Sukkur,2025-03-01,1,PKR 1756,PKR 0.15,PKR 1492.6,PKR 386.33,PKR 114.46,4,10,0,2
ORDER_254,CUST_85,REST_4,Karahi,STAFF_18,Karachi,2025-02-14,2,PKR 1279,PKR 0.15,PKR 2174.3,PKR 448.87,PKR 182.47,8,11,0,5
ORDER_255,CUST_41,REST_6,Biryani,STAFF_12,Multan,2025-05-07,5,PKR 391,PKR 0.05,PKR 1857.25,PKR 651.91,PKR 150.51,10,34,1,2
ORDER_256,CUST_63,REST_1,Burger,STAFF_2,Hyderabad,2025-02-21,5,PKR 548,PKR 0.0,PKR 2740.0,PKR 706.74,PKR 0.19,5,51,1,3
ORDER_257,CUST_92,REST_3,Sandwich,STAFF_2,Karachi,2025-04-04,2,PKR 1301,PKR 0.05,PKR 2471.9,PKR 821.44,PKR 209.24,12,4,0,4
ORDER_258,CUST_76,REST_2,Sandwich,STAFF_10,Sukkur,2025-03-23,2,PKR 422,PKR 0.15,PKR 717.4,PKR 242.16,PKR 68.92,18,11,0,5
ORDER_259,CUST_46,REST_4,Pizza,STAFF_13,Sukkur,2025-05-27,3,PKR 360,PKR 0.05,PKR 1026.0,PKR 326.93,PKR 97.35,19,25,0,1
ORDER_260,CUST_24,REST_10,Sandwich,STAFF_20,Hyderabad,2025-03-02,5,PKR 313,PKR 0.15,PKR 1330.25,PKR 189.15,PKR 99.15,11,22,0,2
ORDER_261,CUST_82,REST_2,Sandwich,STAFF_15,Karachi,2025-01-28,3,PKR 529,PKR 0.05,PKR 1507.65,PKR 464.29,PKR 52.84,1,46,1,1
ORDER_262,CUST_50,REST_8,Fries,STAFF_6,Lahore,2025-05-03,4,PKR 1905,PKR 0.15,PKR 6477.0,PKR 1330.18,PKR 243.11,19,50,1,2
ORDER_263,CUST_21,REST_8,Burger,STAFF_2,Sukkur,2025-02-13,1,PKR 752,PKR 0.1,PKR 676.8,PKR 260.91,PKR 5.02,13,56,1,2
ORDER_264,CUST_94,REST_2,Burger,STAFF_11,Multan,2025-02-12,5,PKR 1929,PKR 0.15,PKR 8198.25,PKR 2552.54,PKR 353.61,14,38,1,2
ORDER_265,CUST_7,REST_2,Sandwich,STAFF_7,Hyderabad,2025-01-25,4,PKR 1527,PKR 0.1,PKR 5497.2,PKR 1639.15,PKR 163.49,13,3,0,5
ORDER_266,CUST_71,REST_8,Pizza,STAFF_2,Sukkur,2025-05-03,1,PKR 975,PKR 0.0,PKR 975.0,PKR 183.66,PKR 64.55,4,12,0,1
ORDER_267,CUST_27,REST_3,Karahi,STAFF_3,Lahore,2025-03-09,1,PKR 731,PKR 0.15,PKR 621.35,PKR 149.92,PKR 55.6,18,5,0,4
ORDER_268,CUST_24,REST_6,Fries,STAFF_12,Hyderabad,2025-03-10,4,PKR 191,PKR 0.1,PKR 687.6,PKR 159.47,PKR 18.11,2,36,1,2
ORDER_269,CUST_97,REST_2,Burger,STAFF_12,Multan,2025-05-14,4,PKR 1649,PKR 0.05,PKR 6266.2,PKR 1667.31,PKR 526.86,18,26,0,4
ORDER_270,CUST_74,REST_4,BBQ Platter,STAFF_10,Karachi,2025-05-27,4,PKR 1948,PKR 0.0,PKR 7792.0,PKR 1952.91,PKR 701.63,20,43,1,2
ORDER_271,CUST_16,REST_8,Pizza,STAFF_6,Hyderabad,2025-04-22,2,PKR 358,PKR 0.0,PKR 716.0,PKR 162.54,PKR 70.76,5,12,0,5
ORDER_272,CUST_34,REST_6,Burger,STAFF_3,Lahore,2025-01-04,5,PKR 913,PKR 0.1,PKR 4108.5,PKR 1466.68,PKR 213.51,20,50,1,5
ORDER_273,CUST_67,REST_7,Burger,STAFF_14,Hyderabad,2025-01-26,2,PKR 1260,PKR 0.0,PKR 2520.0,PKR 951.25,PKR 141.8,10,50,1,5
ORDER_274,CUST_45,REST_7,Karahi,STAFF_13,Lahore,2025-02-06,5,PKR 1347,PKR 0.15,PKR 5724.75,PKR 636.82,PKR 157.67,20,39,1,4
ORDER_275,CUST_5,REST_7,Sandwich,STAFF_8,Karachi,2025-03-19,4,PKR 1985,PKR 0.1,PKR 7146.0,PKR 2637.66,PKR 14.46,9,19,0,4
ORDER_276,CUST_90,REST_2,Pasta,STAFF_5,Sukkur,2025-01-23,4,PKR 1685,PKR 0.1,PKR 6066.0,PKR 1096.89,PKR 252.81,15,12,0,2
ORDER_277,CUST_53,REST_8,Sandwich,STAFF_2,Multan,2025-05-15,2,PKR 234,PKR 0.1,PKR 421.2,PKR 131.78,PKR 16.99,19,56,1,1
ORDER_278,CUST_23,REST_4,Pasta,STAFF_2,Hyderabad,2025-03-12,1,PKR 1034,PKR 0.0,PKR 1034.0,PKR 388.17,PKR 72.86,15,23,0,5
ORDER_279,CUST_51,REST_2,Biryani,STAFF_8,Sukkur,2025-05-31,4,PKR 1316,PKR 0.15,PKR 4474.4,PKR 685.81,PKR 389.49,12,35,1,3
ORDER_280,CUST_21,REST_5,Burger,STAFF_10,Karachi,2025-02-24,4,PKR 201,PKR 0.05,PKR 763.8,PKR 272.02,PKR 59.56,8,54,1,2
ORDER_281,CUST_87,REST_4,Karahi,STAFF_14,Multan,2025-02-14,1,PKR 1870,PKR 0.0,PKR 1870.0,PKR 452.97,PKR 24.74,1,38,1,2
ORDER_282,CUST_33,REST_10,Karahi,STAFF_9,Lahore,2025-03-19,4,PKR 1844,PKR 0.1,PKR 6638.4,PKR 1577.94,PKR 144.86,17,43,1,5
ORDER_283,CUST_51,REST_10,Burger,STAFF_1,Multan,2025-01-17,3,PKR 1249,PKR 0.1,PKR 3372.3,PKR 639.2,PKR 36.46,9,21,0,3
ORDER_284,CUST_36,REST_5,Karahi,STAFF_7,Hyderabad,2025-04-14,5,PKR 1667,PKR 0.05,PKR 7918.25,PKR 2929.01,PKR 637.76,11,42,1,2
ORDER_285,CUST_93,REST_1,BBQ Platter,STAFF_10,Sukkur,2025-05-27,4,PKR 928,PKR 0.15,PKR 3155.2,PKR 1012.88,PKR 183.96,7,52,1,3
ORDER_286,CUST_93,REST_4,BBQ Platter,STAFF_12,Multan,2025-02-16,3,PKR 1831,PKR 0.05,PKR 5218.35,PKR 1837.86,PKR 457.39,4,18,0,4
ORDER_287,CUST_17,REST_5,Pizza,STAFF_11,Karachi,2025-03-26,2,PKR 827,PKR 0.05,PKR 1571.3,PKR 507.94,PKR 48.25,9,23,0,5
ORDER_288,CUST_38,REST_8,Burger,STAFF_16,Karachi,2025-01-31,5,PKR 1288,PKR 0.0,PKR 6440.0,PKR 1556.33,PKR 125.29,13,55,1,5
ORDER_289,CUST_39,REST_7,Biryani,STAFF_5,Hyderabad,2025-04-28,2,PKR 801,PKR 0.15,PKR 1361.7,PKR 539.45,PKR 121.58,11,9,0,2
ORDER_290,CUST_100,REST_2,BBQ Platter,STAFF_11,Hyderabad,2025-02-13,3,PKR 1399,PKR 0.0,PKR 4197.0,PKR 425.63,PKR 114.8,6,36,1,4
ORDER_291,CUST_98,REST_2,Pizza,STAFF_20,Lahore,2025-01-10,4,PKR 926,PKR 0.15,PKR 3148.4,PKR 1226.61,PKR 120.68,7,34,1,3
ORDER_292,CUST_2,REST_6,Pasta,STAFF_1,Karachi,2025-05-09,2,PKR 563,PKR 0.1,PKR 1013.4,PKR 196.22,PKR 10.41,10,37,1,2
ORDER_293,CUST_9,REST_1,Karahi,STAFF_10,Lahore,2025-02-04,5,PKR 1321,PKR 0.1,PKR 5944.5,PKR 1367.83,PKR 408.26,16,21,0,3
ORDER_294,CUST_97,REST_4,Pizza,STAFF_13,Karachi,2025-05-10,2,PKR 559,PKR 0.05,PKR 1062.1,PKR 173.5,PKR 2.33,4,10,0,3
ORDER_295,CUST_92,REST_1,Fries,STAFF_9,Multan,2025-01-06,5,PKR 199,PKR 0.0,PKR 995.0,PKR 297.1,PKR 65.03,4,3,0,4
ORDER_296,CUST_57,REST_7,Burger,STAFF_18,Sukkur,2025-01-03,4,PKR 1537,PKR 0.05,PKR 5840.6,PKR 944.12,PKR 400.51,14,19,0,1
ORDER_297,CUST_85,REST_9,Karahi,STAFF_20,Multan,2025-03-14,2,PKR 957,PKR 0.0,PKR 1914.0,PKR 485.15,PKR 118.23,4,7,0,4
ORDER_298,CUST_26,REST_10,Pasta,STAFF_9,Multan,2025-05-08,2,PKR 833,PKR 0.15,PKR 1416.1,PKR 267.08,PKR 5.58,7,58,1,4
ORDER_299,CUST_43,REST_4,Biryani,STAFF_1,Karachi,2025-05-11,1,PKR 1810,PKR 0.15,PKR 1538.5,PKR 222.69,PKR 13.86,4,4,0,3
ORDER_300,CUST_83,REST_4,BBQ Platter,STAFF_10,Sukkur,2025-03-16,4,PKR 202,PKR 0.0,PKR 808.0,PKR 277.91,PKR 70.63,11,23,0,4
ORDER_301,CUST_95,REST_2,Burger,STAFF_2,Karachi,2025-03-10,2,PKR 1458,PKR 0.05,PKR 2770.2,PKR 550.16,PKR 247.8,3,56,1,3
ORDER_302,CUST_44,REST_3,Burger,STAFF_13,Lahore,2025-04-18,4,PKR 656,PKR 0.15,PKR 2230.4,PKR 684.67,PKR 106.67,6,41,1,1
ORDER_303,CUST_17,REST_1,Pizza,STAFF_4,Lahore,2025-04-02,5,PKR 1088,PKR 0.15,PKR 4624.0,PKR 713.84,PKR 175.6,1,39,1,2
ORDER_304,CUST_62,REST_8,Burger,STAFF_14,Lahore,2025-05-15,1,PKR 229,PKR 0.1,PKR 206.1,PKR 61.11,PKR 0.25,19,49,1,5
ORDER_305,CUST_29,REST_6,Burger,STAFF_14,Hyderabad,2025-01-14,4,PKR 808,PKR 0.15,PKR 2747.2,PKR 397.24,PKR 227.04,6,0,0,5
ORDER_306,CUST_61,REST_8,Pizza,STAFF_3,Lahore,2025-02-27,3,PKR 593,PKR 0.1,PKR 1601.1,PKR 626.1,PKR 8.06,13,35,1,4
ORDER_307,CUST_31,REST_2,BBQ Platter,STAFF_15,Multan,2025-05-08,4,PKR 280,PKR 0.15,PKR 952.0,PKR 222.88,PKR 11.3,1,47,1,1
ORDER_308,CUST_52,REST_7,Biryani,STAFF_18,Multan,2025-03-19,1,PKR 1791,PKR 0.0,PKR 1791.0,PKR 604.53,PKR 172.5,17,56,1,5
ORDER_309,CUST_27,REST_8,Sandwich,STAFF_12,Karachi,2025-05-02,2,PKR 1829,PKR 0.15,PKR 3109.3,PKR 620.59,PKR 238.61,12,45,1,4
ORDER_310,CUST_15,REST_2,Pasta,STAFF_1,Sukkur,2025-01-28,3,PKR 1799,PKR 0.1,PKR 4857.3,PKR 1283.82,PKR 181.61,6,2,0,4
ORDER_311,CUST_18,REST_7,Burger,STAFF_9,Multan,2025-04-28,2,PKR 484,PKR 0.0,PKR 968.0,PKR 366.93,PKR 38.03,7,52,1,3
ORDER_312,CUST_14,REST_7,Biryani,STAFF_19,Karachi,2025-01-13,4,PKR 1036,PKR 0.05,PKR 3936.8,PKR 1532.03,PKR 1.71,14,35,1,5
ORDER_313,CUST_62,REST_9,Pizza,STAFF_19,Hyderabad,2025-03-24,2,PKR 312,PKR 0.15,PKR 530.4,PKR 157.66,PKR 32.15,13,32,1,4
ORDER_314,CUST_78,REST_4,Karahi,STAFF_13,Sukkur,2025-05-12,3,PKR 1027,PKR 0.05,PKR 2926.95,PKR 414.03,PKR 176.36,18,19,0,3
ORDER_315,CUST_92,REST_9,Pasta,STAFF_7,Hyderabad,2025-02-03,5,PKR 1563,PKR 0.1,PKR 7033.5,PKR 2152.13,PKR 647.92,6,45,1,5
ORDER_316,CUST_70,REST_6,Burger,STAFF_12,Multan,2025-05-17,4,PKR 1293,PKR 0.15,PKR 4396.2,PKR 1328.85,PKR 392.96,14,18,0,1
ORDER_317,CUST_67,REST_2,Biryani,STAFF_13,Hyderabad,2025-02-11,1,PKR 1472,PKR 0.0,PKR 1472.0,PKR 235.48,PKR 110.43,9,18,0,2
ORDER_318,CUST_8,REST_5,Pasta,STAFF_18,Karachi,2025-05-24,3,PKR 1767,PKR 0.15,PKR 4505.85,PKR 589.11,PKR 391.12,8,55,1,5
ORDER_319,CUST_50,REST_4,Karahi,STAFF_2,Lahore,2025-03-06,4,PKR 953,PKR 0.1,PKR 3430.8,PKR 1337.15,PKR 18.46,20,12,0,4
ORDER_320,CUST_29,REST_6,Pasta,STAFF_7,Sukkur,2025-05-12,4,PKR 463,PKR 0.0,PKR 1852.0,PKR 289.08,PKR 32.19,13,7,0,1
ORDER_321,CUST_55,REST_5,Karahi,STAFF_5,Hyderabad,2025-02-09,5,PKR 1832,PKR 0.1,PKR 8244.0,PKR 838.36,PKR 384.44,5,2,0,3
ORDER_322,CUST_77,REST_1,Karahi,STAFF_16,Multan,2025-02-26,5,PKR 833,PKR 0.0,PKR 4165.0,PKR 1396.15,PKR 132.39,17,11,0,1
ORDER_323,CUST_65,REST_3,Fries,STAFF_18,Multan,2025-03-26,4,PKR 288,PKR 0.1,PKR 1036.8,PKR 172.48,PKR 22.12,12,21,0,3
ORDER_324,CUST_28,REST_10,BBQ Platter,STAFF_18,Karachi,2025-03-04,1,PKR 1469,PKR 0.1,PKR 1322.1,PKR 308.97,PKR 119.58,11,2,0,4
ORDER_325,CUST_15,REST_7,Karahi,STAFF_18,Sukkur,2025-05-05,1,PKR 1966,PKR 0.1,PKR 1769.4,PKR 449.95,PKR 90.02,10,2,0,2
ORDER_326,CUST_42,REST_9,Burger,STAFF_4,Hyderabad,2025-02-24,5,PKR 1192,PKR 0.0,PKR 5960.0,PKR 1716.96,PKR 125.63,14,55,1,1
ORDER_327,CUST_27,REST_9,Fries,STAFF_3,Hyderabad,2025-02-15,1,PKR 1040,PKR 0.1,PKR 936.0,PKR 104.24,PKR 6.86,9,50,1,5
ORDER_328,CUST_10,REST_10,Pasta,STAFF_9,Lahore,2025-01-31,4,PKR 1023,PKR 0.15,PKR 3478.2,PKR 799.66,PKR 5.88,1,34,1,5
ORDER_329,CUST_9,REST_10,Biryani,STAFF_3,Sukkur,2025-01-23,5,PKR 317,PKR 0.1,PKR 1426.5,PKR 479.4,PKR 42.99,15,18,0,4
ORDER_330,CUST_51,REST_1,BBQ Platter,STAFF_6,Multan,2025-03-17,2,PKR 379,PKR 0.15,PKR 644.3,PKR 218.44,PKR 54.73,5,40,1,3
ORDER_331,CUST_87,REST_6,Biryani,STAFF_18,Multan,2025-05-18,2,PKR 352,PKR 0.0,PKR 704.0,PKR 71.46,PKR 42.0,3,35,1,3
ORDER_332,CUST_27,REST_6,Pasta,STAFF_14,Multan,2025-02-19,2,PKR 429,PKR 0.05,PKR 815.1,PKR 135.5,PKR 68.04,6,7,0,5
ORDER_333,CUST_7,REST_9,BBQ Platter,STAFF_18,Karachi,2025-05-29,3,PKR 1475,PKR 0.0,PKR 4425.0,PKR 775.29,PKR 87.36,11,31,1,3
ORDER_334,CUST_17,REST_4,Burger,STAFF_10,Multan,2025-03-20,1,PKR 1943,PKR 0.05,PKR 1845.85,PKR 360.56,PKR 83.18,19,44,1,2
ORDER_335,CUST_73,REST_10,Sandwich,STAFF_11,Lahore,2025-04-22,2,PKR 109,PKR 0.1,PKR 196.2,PKR 34.11,PKR 4.35,12,17,0,2
ORDER_336,CUST_87,REST_6,BBQ Platter,STAFF_15,Lahore,2025-01-21,3,PKR 1686,PKR 0.1,PKR 4552.2,PKR 1120.26,PKR 49.54,9,53,1,2
ORDER_337,CUST_69,REST_4,Karahi,STAFF_3,Karachi,2025-02-24,1,PKR 1839,PKR 0.0,PKR 1839.0,PKR 632.23,PKR 106.46,2,58,1,5
ORDER_338,CUST_34,REST_9,BBQ Platter,STAFF_5,Sukkur,2025-01-24,4,PKR 557,PKR 0.1,PKR 2005.2,PKR 281.06,PKR 100.49,12,25,0,5
ORDER_339,CUST_2,REST_4,Pizza,STAFF_17,Hyderabad,2025-02-07,4,PKR 426,PKR 0.05,PKR 1618.8,PKR 436.93,PKR 91.59,16,47,1,3
ORDER_340,CUST_6,REST_4,BBQ Platter,STAFF_8,Karachi,2025-04-03,3,PKR 856,PKR 0.05,PKR 2439.6,PKR 275.29,PKR 50.44,16,24,0,4
ORDER_341,CUST_6,REST_1,Sandwich,STAFF_4,Multan,2025-04-07,3,PKR 1809,PKR 0.1,PKR 4884.3,PKR 1336.29,PKR 278.48,13,41,1,3
ORDER_342,CUST_76,REST_2,Karahi,STAFF_13,Hyderabad,2025-05-04,5,PKR 931,PKR 0.1,PKR 4189.5,PKR 1446.09,PKR 144.55,20,56,1,1
ORDER_343,CUST_65,REST_3,BBQ Platter,STAFF_6,Hyderabad,2025-04-03,1,PKR 1153,PKR 0.1,PKR 1037.7,PKR 169.62,PKR 19.4,4,38,1,2
ORDER_344,CUST_54,REST_6,Burger,STAFF_16,Lahore,2025-03-04,4,PKR 531,PKR 0.05,PKR 2017.8,PKR 593.59,PKR 82.91,5,2,0,5
ORDER_345,CUST_76,REST_3,Pizza,STAFF_17,Karachi,2025-05-13,5,PKR 400,PKR 0.0,PKR 2000.0,PKR 299.8,PKR 184.49,20,25,0,5
ORDER_346,CUST_82,REST_1,Karahi,STAFF_3,Hyderabad,2025-04-16,4,PKR 1342,PKR 0.15,PKR 4562.8,PKR 1643.48,PKR 77.83,5,38,1,5
ORDER_347,CUST_99,REST_3,Karahi,STAFF_6,Sukkur,2025-01-28,4,PKR 1321,PKR 0.0,PKR 5284.0,PKR 892.7,PKR 203.68,7,1,0,5
ORDER_348,CUST_65,REST_7,Pizza,STAFF_20,Karachi,2025-01-31,2,PKR 1074,PKR 0.0,PKR 2148.0,PKR 780.42,PKR 114.15,16,5,0,2
ORDER_349,CUST_78,REST_9,Biryani,STAFF_14,Multan,2025-05-04,4,PKR 858,PKR 0.0,PKR 3432.0,PKR 1061.49,PKR 147.22,13,50,1,3
ORDER_350,CUST_76,REST_10,Burger,STAFF_14,Hyderabad,2025-05-20,3,PKR 1077,PKR 0.05,PKR 3069.45,PKR 1144.98,PKR 25.73,9,26,0,2
ORDER_351,CUST_1,REST_1,Burger,STAFF_17,Karachi,2025-04-03,4,PKR 1440,PKR 0.05,PKR 5472.0,PKR 1676.24,PKR 172.86,5,6,0,4
ORDER_352,CUST_84,REST_10,Karahi,STAFF_9,Multan,2025-04-12,4,PKR 1256,PKR 0.1,PKR 4521.6,PKR 1282.16,PKR 448.45,7,48,1,4
ORDER_353,CUST_71,REST_9,BBQ Platter,STAFF_6,Sukkur,2025-03-30,5,PKR 1236,PKR 0.15,PKR 5253.0,PKR 925.23,PKR 161.08,13,49,1,2
ORDER_354,CUST_85,REST_2,Pasta,STAFF_15,Hyderabad,2025-01-14,1,PKR 539,PKR 0.15,PKR 458.15,PKR 153.86,PKR 36.69,13,10,0,1
ORDER_355,CUST_12,REST_3,BBQ Platter,STAFF_20,Lahore,2025-01-10,1,PKR 231,PKR 0.1,PKR 207.9,PKR 34.62,PKR 1.66,13,46,1,4
ORDER_356,CUST_79,REST_9,Karahi,STAFF_20,Karachi,2025-05-13,2,PKR 1411,PKR 0.15,PKR 2398.7,PKR 555.76,PKR 48.38,7,18,0,1
ORDER_357,CUST_77,REST_9,Pasta,STAFF_20,Hyderabad,2025-01-23,1,PKR 836,PKR 0.05,PKR 794.2,PKR 235.48,PKR 77.49,13,17,0,3
ORDER_358,CUST_86,REST_7,Fries,STAFF_19,Hyderabad,2025-05-24,5,PKR 131,PKR 0.0,PKR 655.0,PKR 246.12,PKR 36.0,19,58,1,3
ORDER_359,CUST_45,REST_5,Pasta,STAFF_20,Hyderabad,2025-01-28,4,PKR 927,PKR 0.0,PKR 3708.0,PKR 661.26,PKR 150.97,3,35,1,5
ORDER_360,CUST_38,REST_6,Burger,STAFF_17,Sukkur,2025-05-25,5,PKR 1765,PKR 0.1,PKR 7942.5,PKR 2448.34,PKR 767.29,8,30,0,3
ORDER_361,CUST_100,REST_8,BBQ Platter,STAFF_19,Karachi,2025-02-26,4,PKR 338,PKR 0.1,PKR 1216.8,PKR 146.34,PKR 77.1,8,43,1,3
ORDER_362,CUST_53,REST_6,Biryani,STAFF_9,Hyderabad,2025-01-20,3,PKR 290,PKR 0.15,PKR 739.5,PKR 223.41,PKR 60.72,6,35,1,4
ORDER_363,CUST_41,REST_6,Pasta,STAFF_19,Sukkur,2025-03-03,2,PKR 1628,PKR 0.05,PKR 3093.2,PKR 772.37,PKR 61.76,9,55,1,2
ORDER_364,CUST_30,REST_4,Pasta,STAFF_20,Sukkur,2025-05-07,2,PKR 1695,PKR 0.0,PKR 3390.0,PKR 460.92,PKR 26.61,1,39,1,5
ORDER_365,CUST_6,REST_8,Sandwich,STAFF_20,Sukkur,2025-05-11,4,PKR 1939,PKR 0.1,PKR 6980.4,PKR 1725.85,PKR 687.15,13,17,0,2
ORDER_366,CUST_97,REST_10,Pizza,STAFF_2,Multan,2025-02-14,4,PKR 1079,PKR 0.0,PKR 4316.0,PKR 1082.2,PKR 169.93,4,29,0,5
ORDER_367,CUST_59,REST_6,Biryani,STAFF_1,Hyderabad,2025-03-08,4,PKR 1289,PKR 0.0,PKR 5156.0,PKR 1018.98,PKR 315.95,18,11,0,3
ORDER_368,CUST_31,REST_5,BBQ Platter,STAFF_20,Sukkur,2025-04-06,3,PKR 476,PKR 0.15,PKR 1213.8,PKR 275.75,PKR 50.87,13,23,0,3
ORDER_369,CUST_58,REST_3,Pizza,STAFF_19,Hyderabad,2025-04-08,1,PKR 1576,PKR 0.1,PKR 1418.4,PKR 484.0,PKR 78.77,5,12,0,2
ORDER_370,CUST_61,REST_1,Pizza,STAFF_14,Lahore,2025-05-24,2,PKR 1929,PKR 0.1,PKR 3472.2,PKR 1165.27,PKR 104.18,19,54,1,1
ORDER_371,CUST_51,REST_2,Pizza,STAFF_2,Hyderabad,2025-04-03,3,PKR 1075,PKR 0.0,PKR 3225.0,PKR 757.73,PKR 107.93,18,23,0,5
ORDER_372,CUST_33,REST_6,Biryani,STAFF_14,Karachi,2025-05-18,3,PKR 1876,PKR 0.05,PKR 5346.6,PKR 1459.92,PKR 347.46,10,11,0,3
ORDER_373,CUST_42,REST_9,BBQ Platter,STAFF_15,Karachi,2025-02-12,4,PKR 1356,PKR 0.1,PKR 4881.6,PKR 1167.32,PKR 466.97,11,40,1,4
ORDER_374,CUST_81,REST_10,Fries,STAFF_3,Karachi,2025-03-10,2,PKR 803,PKR 0.05,PKR 1525.7,PKR 296.05,PKR 99.63,13,38,1,3
ORDER_375,CUST_57,REST_6,BBQ Platter,STAFF_14,Hyderabad,2025-03-06,2,PKR 1849,PKR 0.0,PKR 3698.0,PKR 508.52,PKR 86.77,3,60,1,2
ORDER_376,CUST_22,REST_7,Burger,STAFF_4,Karachi,2025-01-22,4,PKR 1223,PKR 0.0,PKR 4892.0,PKR 527.89,PKR 194.22,9,6,0,5
ORDER_377,CUST_20,REST_2,Fries,STAFF_10,Hyderabad,2025-05-15,2,PKR 1610,PKR 0.1,PKR 2898.0,PKR 675.08,PKR 36.63,6,53,1,1
ORDER_378,CUST_5,REST_6,Sandwich,STAFF_16,Lahore,2025-05-19,5,PKR 657,PKR 0.15,PKR 2792.25,PKR 392.41,PKR 264.84,19,11,0,5
ORDER_379,CUST_59,REST_10,Fries,STAFF_17,Multan,2025-01-23,3,PKR 1961,PKR 0.1,PKR 5294.7,PKR 1294.53,PKR 120.26,10,28,0,3
ORDER_380,CUST_53,REST_5,Pizza,STAFF_10,Karachi,2025-01-03,1,PKR 1171,PKR 0.05,PKR 1112.45,PKR 226.01,PKR 52.2,16,44,1,4
ORDER_381,CUST_39,REST_1,Fries,STAFF_10,Multan,2025-05-24,2,PKR 1731,PKR 0.0,PKR 3462.0,PKR 915.57,PKR 65.28,13,27,0,2
ORDER_382,CUST_21,REST_7,Fries,STAFF_8,Sukkur,2025-03-11,1,PKR 964,PKR 0.05,PKR 915.8,PKR 233.51,PKR 73.26,18,18,0,3
ORDER_383,CUST_53,REST_4,Burger,STAFF_6,Hyderabad,2025-05-06,3,PKR 326,PKR 0.15,PKR 831.3,PKR 237.19,PKR 22.62,11,12,0,1
ORDER_384,CUST_20,REST_1,Biryani,STAFF_6,Karachi,2025-03-01,3,PKR 651,PKR 0.05,PKR 1855.35,PKR 583.62,PKR 134.9,5,5,0,1
ORDER_385,CUST_64,REST_4,Sandwich,STAFF_14,Sukkur,2025-01-21,4,PKR 860,PKR 0.15,PKR 2924.0,PKR 903.75,PKR 9.28,5,53,1,1
ORDER_386,CUST_35,REST_7,Burger,STAFF_18,Lahore,2025-02-01,2,PKR 493,PKR 0.1,PKR 887.4,PKR 306.31,PKR 73.5,8,49,1,4
ORDER_387,CUST_99,REST_8,Pasta,STAFF_2,Hyderabad,2025-05-02,4,PKR 1605,PKR 0.0,PKR 6420.0,PKR 1645.71,PKR 630.52,10,24,0,3
ORDER_388,CUST_21,REST_1,Burger,STAFF_9,Lahore,2025-02-25,3,PKR 506,PKR 0.1,PKR 1366.2,PKR 500.38,PKR 117.99,8,7,0,4
ORDER_389,CUST_42,REST_1,Pizza,STAFF_9,Multan,2025-05-02,1,PKR 910,PKR 0.05,PKR 864.5,PKR 88.77,PKR 3.63,20,44,1,2
ORDER_390,CUST_48,REST_2,Pasta,STAFF_6,Lahore,2025-01-16,1,PKR 1504,PKR 0.1,PKR 1353.6,PKR 513.36,PKR 134.95,12,3,0,2
ORDER_391,CUST_90,REST_9,Burger,STAFF_5,Lahore,2025-02-19,2,PKR 748,PKR 0.1,PKR 1346.4,PKR 460.01,PKR 59.07,13,1,0,3
ORDER_392,CUST_93,REST_3,Karahi,STAFF_2,Lahore,2025-05-26,4,PKR 1244,PKR 0.1,PKR 4478.4,PKR 1177.01,PKR 219.48,18,11,0,3
ORDER_393,CUST_42,REST_8,Karahi,STAFF_20,Multan,2025-05-19,2,PKR 241,PKR 0.05,PKR 457.9,PKR 107.52,PKR 37.52,15,23,0,1
ORDER_394,CUST_100,REST_9,Fries,STAFF_6,Karachi,2025-01-17,5,PKR 1854,PKR 0.1,PKR 8343.0,PKR 2776.59,PKR 199.22,18,42,1,4
ORDER_395,CUST_25,REST_9,BBQ Platter,STAFF_18,Hyderabad,2025-01-25,5,PKR 679,PKR 0.1,PKR 3055.5,PKR 681.2,PKR 98.39,3,33,1,1
ORDER_396,CUST_17,REST_3,Biryani,STAFF_7,Karachi,2025-04-10,4,PKR 492,PKR 0.0,PKR 1968.0,PKR 215.58,PKR 126.3,16,42,1,5
ORDER_397,CUST_80,REST_10,Karahi,STAFF_2,Sukkur,2025-05-06,2,PKR 1340,PKR 0.0,PKR 2680.0,PKR 278.52,PKR 246.84,3,59,1,4
ORDER_398,CUST_82,REST_1,Sandwich,STAFF_18,Lahore,2025-01-11,3,PKR 1726,PKR 0.0,PKR 5178.0,PKR 1797.25,PKR 137.64,3,46,1,3
ORDER_399,CUST_10,REST_4,Burger,STAFF_4,Hyderabad,2025-05-26,5,PKR 889,PKR 0.05,PKR 4222.75,PKR 666.92,PKR 277.38,6,40,1,5
ORDER_400,CUST_96,REST_9,Fries,STAFF_4,Multan,2025-01-27,3,PKR 1481,PKR 0.15,PKR 3776.55,PKR 1173.62,PKR 161.29,6,10,0,5
ORDER_401,CUST_52,REST_9,Sandwich,STAFF_6,Multan,2025-03-25,5,PKR 1007,PKR 0.1,PKR 4531.5,PKR 1680.03,PKR 249.27,12,54,1,4
ORDER_402,CUST_98,REST_7,Sandwich,STAFF_20,Hyderabad,2025-03-07,5,PKR 1217,PKR 0.05,PKR 5780.75,PKR 1228.52,PKR 318.08,15,23,0,4
ORDER_403,CUST_51,REST_1,Biryani,STAFF_10,Multan,2025-03-18,1,PKR 1160,PKR 0.05,PKR 1102.0,PKR 438.62,PKR 33.26,7,14,0,3
ORDER_404,CUST_3,REST_5,Pizza,STAFF_4,Karachi,2025-05-30,4,PKR 828,PKR 0.05,PKR 3146.4,PKR 445.29,PKR 115.5,8,15,0,3
ORDER_405,CUST_39,REST_2,Fries,STAFF_19,Hyderabad,2025-05-28,1,PKR 1581,PKR 0.1,PKR 1422.9,PKR 480.76,PKR 24.6,4,52,1,5
ORDER_406,CUST_83,REST_5,Biryani,STAFF_19,Lahore,2025-04-22,1,PKR 1697,PKR 0.0,PKR 1697.0,PKR 639.02,PKR 56.75,4,26,0,2
ORDER_407,CUST_96,REST_10,Biryani,STAFF_13,Karachi,2025-03-25,3,PKR 1173,PKR 0.0,PKR 3519.0,PKR 689.0,PKR 198.79,8,32,1,2
ORDER_408,CUST_7,REST_7,BBQ Platter,STAFF_20,Multan,2025-02-07,5,PKR 284,PKR 0.05,PKR 1349.0,PKR 309.7,PKR 106.08,11,8,0,1
ORDER_409,CUST_61,REST_10,Biryani,STAFF_18,Lahore,2025-02-03,3,PKR 274,PKR 0.15,PKR 698.7,PKR 175.06,PKR 54.07,5,48,1,4
ORDER_410,CUST_72,REST_4,BBQ Platter,STAFF_13,Multan,2025-04-21,2,PKR 1249,PKR 0.05,PKR 2373.1,PKR 409.82,PKR 63.19,19,20,0,1
ORDER_411,CUST_15,REST_7,Fries,STAFF_12,Sukkur,2025-03-20,2,PKR 756,PKR 0.1,PKR 1360.8,PKR 378.52,PKR 3.29,12,10,0,5
ORDER_412,CUST_57,REST_10,Pizza,STAFF_15,Karachi,2025-01-22,2,PKR 508,PKR 0.1,PKR 914.4,PKR 134.23,PKR 66.61,2,7,0,2
ORDER_413,CUST_80,REST_3,Karahi,STAFF_1,Sukkur,2025-05-18,1,PKR 724,PKR 0.15,PKR 615.4,PKR 148.53,PKR 20.42,7,13,0,5
ORDER_414,CUST_67,REST_5,BBQ Platter,STAFF_20,Hyderabad,2025-02-21,1,PKR 871,PKR 0.0,PKR 871.0,PKR 153.85,PKR 5.24,20,50,1,3
ORDER_415,CUST_7,REST_8,Biryani,STAFF_3,Lahore,2025-04-09,3,PKR 1457,PKR 0.1,PKR 3933.9,PKR 1413.39,PKR 7.51,13,14,0,5
ORDER_416,CUST_91,REST_2,Sandwich,STAFF_16,Multan,2025-05-24,5,PKR 280,PKR 0.05,PKR 1330.0,PKR 212.35,PKR 128.58,1,59,1,1
ORDER_417,CUST_32,REST_9,Karahi,STAFF_11,Lahore,2025-04-01,4,PKR 1624,PKR 0.05,PKR 6171.2,PKR 651.13,PKR 422.3,10,40,1,2
ORDER_418,CUST_65,REST_5,Biryani,STAFF_9,Lahore,2025-04-11,1,PKR 1236,PKR 0.1,PKR 1112.4,PKR 186.52,PKR 38.02,5,42,1,1
ORDER_419,CUST_94,REST_7,Pasta,STAFF_14,Hyderabad,2025-03-26,5,PKR 412,PKR 0.15,PKR 1751.0,PKR 684.92,PKR 159.29,18,28,0,2
ORDER_420,CUST_27,REST_3,Pasta,STAFF_5,Sukkur,2025-02-07,5,PKR 1962,PKR 0.05,PKR 9319.5,PKR 2134.35,PKR 847.14,19,41,1,2
ORDER_421,CUST_41,REST_2,Burger,STAFF_6,Sukkur,2025-04-16,2,PKR 1589,PKR 0.0,PKR 3178.0,PKR 1047.57,PKR 279.71,10,26,0,4
ORDER_422,CUST_96,REST_5,Pizza,STAFF_7,Karachi,2025-03-10,2,PKR 478,PKR 0.0,PKR 956.0,PKR 314.27,PKR 58.51,19,38,1,5
ORDER_423,CUST_30,REST_10,Pasta,STAFF_8,Karachi,2025-05-01,3,PKR 262,PKR 0.15,PKR 668.1,PKR 93.68,PKR 56.53,12,45,1,2
ORDER_424,CUST_50,REST_8,BBQ Platter,STAFF_5,Hyderabad,2025-03-11,2,PKR 563,PKR 0.0,PKR 1126.0,PKR 250.62,PKR 109.09,14,60,1,2
ORDER_425,CUST_96,REST_4,Pasta,STAFF_3,Hyderabad,2025-03-05,4,PKR 1875,PKR 0.15,PKR 6375.0,PKR 1953.04,PKR 552.57,13,27,0,1
ORDER_426,CUST_78,REST_7,Sandwich,STAFF_13,Multan,2025-01-11,5,PKR 1316,PKR 0.0,PKR 6580.0,PKR 1685.76,PKR 297.16,8,56,1,5
ORDER_427,CUST_69,REST_7,Biryani,STAFF_18,Lahore,2025-03-19,5,PKR 1667,PKR 0.0,PKR 8335.0,PKR 1308.22,PKR 366.37,10,49,1,4
ORDER_428,CUST_22,REST_7,Karahi,STAFF_20,Karachi,2025-01-24,5,PKR 1950,PKR 0.05,PKR 9262.5,PKR 2214.42,PKR 598.45,17,46,1,1
ORDER_429,CUST_24,REST_10,Pizza,STAFF_13,Lahore,2025-02-21,3,PKR 1023,PKR 0.0,PKR 3069.0,PKR 471.59,PKR 181.17,15,56,1,1
ORDER_430,CUST_33,REST_6,Pizza,STAFF_4,Karachi,2025-04-09,1,PKR 1546,PKR 0.15,PKR 1314.1,PKR 381.38,PKR 11.21,17,46,1,5
ORDER_431,CUST_21,REST_7,Fries,STAFF_2,Hyderabad,2025-01-14,3,PKR 1258,PKR 0.05,PKR 3585.3,PKR 532.91,PKR 51.85,10,26,0,3
ORDER_432,CUST_94,REST_8,Karahi,STAFF_6,Karachi,2025-04-28,2,PKR 515,PKR 0.0,PKR 1030.0,PKR 295.37,PKR 26.07,16,31,1,5
ORDER_433,CUST_1,REST_10,BBQ Platter,STAFF_8,Hyderabad,2025-01-02,5,PKR 1450,PKR 0.15,PKR 6162.5,PKR 1455.1,PKR 272.31,18,15,0,3
ORDER_434,CUST_80,REST_9,Pasta,STAFF_2,Hyderabad,2025-05-28,2,PKR 212,PKR 0.1,PKR 381.6,PKR 42.36,PKR 32.58,20,53,1,3
ORDER_435,CUST_43,REST_2,Biryani,STAFF_4,Lahore,2025-05-27,2,PKR 430,PKR 0.1,PKR 774.0,PKR 219.3,PKR 53.52,18,50,1,2
ORDER_436,CUST_59,REST_10,Sandwich,STAFF_2,Karachi,2025-04-20,3,PKR 761,PKR 0.1,PKR 2054.7,PKR 758.72,PKR 168.54,18,53,1,1
ORDER_437,CUST_38,REST_8,Pizza,STAFF_4,Sukkur,2025-01-15,3,PKR 1179,PKR 0.15,PKR 3006.45,PKR 773.84,PKR 209.2,19,6,0,5
ORDER_438,CUST_12,REST_8,Karahi,STAFF_14,Multan,2025-05-08,3,PKR 631,PKR 0.1,PKR 1703.7,PKR 644.22,PKR 104.66,16,33,1,4
ORDER_439,CUST_24,REST_10,Pasta,STAFF_10,Hyderabad,2025-02-23,1,PKR 342,PKR 0.0,PKR 342.0,PKR 81.9,PKR 27.25,20,51,1,4
ORDER_440,CUST_53,REST_1,Sandwich,STAFF_12,Multan,2025-01-18,2,PKR 123,PKR 0.05,PKR 233.7,PKR 71.75,PKR 5.95,10,19,0,5
ORDER_441,CUST_71,REST_6,Biryani,STAFF_4,Sukkur,2025-03-28,3,PKR 911,PKR 0.0,PKR 2733.0,PKR 955.49,PKR 53.02,16,59,1,4
ORDER_442,CUST_5,REST_3,BBQ Platter,STAFF_5,Lahore,2025-01-15,5,PKR 1934,PKR 0.1,PKR 8703.0,PKR 2077.76,PKR 708.57,17,53,1,3
ORDER_443,CUST_73,REST_6,Biryani,STAFF_7,Multan,2025-01-08,3,PKR 1737,PKR 0.1,PKR 4689.9,PKR 562.15,PKR 70.02,13,21,0,5
ORDER_444,CUST_22,REST_10,Fries,STAFF_6,Multan,2025-01-09,1,PKR 1870,PKR 0.1,PKR 1683.0,PKR 524.39,PKR 52.93,14,17,0,1
ORDER_445,CUST_64,REST_4,Sandwich,STAFF_15,Sukkur,2025-01-10,2,PKR 1175,PKR 0.1,PKR 2115.0,PKR 322.55,PKR 79.15,7,49,1,1
ORDER_446,CUST_57,REST_9,Biryani,STAFF_16,Multan,2025-05-15,2,PKR 489,PKR 0.1,PKR 880.2,PKR 331.92,PKR 64.47,11,19,0,2
ORDER_447,CUST_99,REST_2,Pizza,STAFF_7,Karachi,2025-01-23,4,PKR 893,PKR 0.0,PKR 3572.0,PKR 361.6,PKR 333.03,15,21,0,1
ORDER_448,CUST_14,REST_9,Karahi,STAFF_1,Multan,2025-03-12,3,PKR 1408,PKR 0.05,PKR 4012.8,PKR 787.57,PKR 77.26,11,34,1,4
ORDER_449,CUST_86,REST_2,Karahi,STAFF_5,Hyderabad,2025-01-27,3,PKR 334,PKR 0.0,PKR 1002.0,PKR 388.26,PKR 56.07,18,13,0,3
ORDER_450,CUST_71,REST_6,Karahi,STAFF_5,Sukkur,2025-03-28,5,PKR 601,PKR 0.05,PKR 2854.75,PKR 346.49,PKR 175.07,15,34,1,1
ORDER_451,CUST_17,REST_1,BBQ Platter,STAFF_2,Karachi,2025-04-25,4,PKR 210,PKR 0.0,PKR 840.0,PKR 191.47,PKR 15.03,12,39,1,3
ORDER_452,CUST_43,REST_4,Burger,STAFF_15,Multan,2025-04-30,2,PKR 290,PKR 0.15,PKR 493.0,PKR 63.69,PKR 15.3,8,30,0,2
ORDER_453,CUST_19,REST_10,Karahi,STAFF_12,Lahore,2025-04-27,2,PKR 1532,PKR 0.1,PKR 2757.6,PKR 928.3,PKR 243.33,1,31,1,1
ORDER_454,CUST_61,REST_2,Sandwich,STAFF_16,Lahore,2025-01-27,2,PKR 678,PKR 0.1,PKR 1220.4,PKR 343.34,PKR 15.55,4,25,0,3
ORDER_455,CUST_72,REST_2,Karahi,STAFF_18,Lahore,2025-02-10,4,PKR 1309,PKR 0.15,PKR 4450.6,PKR 763.6,PKR 108.46,13,30,0,1
ORDER_456,CUST_44,REST_4,Fries,STAFF_14,Multan,2025-05-27,3,PKR 1215,PKR 0.05,PKR 3462.75,PKR 526.08,PKR 231.87,16,53,1,1
ORDER_457,CUST_76,REST_10,BBQ Platter,STAFF_11,Multan,2025-01-18,1,PKR 1783,PKR 0.15,PKR 1515.55,PKR 231.66,PKR 144.87,4,38,1,5
ORDER_458,CUST_99,REST_7,Sandwich,STAFF_16,Karachi,2025-01-01,1,PKR 545,PKR 0.05,PKR 517.75,PKR 189.59,PKR 46.77,5,48,1,2
ORDER_459,CUST_58,REST_9,Karahi,STAFF_13,Multan,2025-03-18,5,PKR 1015,PKR 0.05,PKR 4821.25,PKR 779.59,PKR 423.03,10,36,1,4
ORDER_460,CUST_92,REST_6,Burger,STAFF_19,Karachi,2025-01-16,5,PKR 1145,PKR 0.15,PKR 4866.25,PKR 1724.07,PKR 414.85,18,23,0,1
ORDER_461,CUST_1,REST_9,Sandwich,STAFF_4,Sukkur,2025-03-23,1,PKR 581,PKR 0.15,PKR 493.85,PKR 153.42,PKR 19.47,13,45,1,4
ORDER_462,CUST_49,REST_7,Pasta,STAFF_6,Lahore,2025-04-17,2,PKR 485,PKR 0.15,PKR 824.5,PKR 291.05,PKR 29.71,10,9,0,2
ORDER_463,CUST_18,REST_1,Burger,STAFF_1,Hyderabad,2025-02-05,4,PKR 1447,PKR 0.15,PKR 4919.8,PKR 1930.98,PKR 66.8,14,41,1,4
ORDER_464,CUST_90,REST_10,Fries,STAFF_20,Hyderabad,2025-04-01,4,PKR 1143,PKR 0.15,PKR 3886.2,PKR 1032.23,PKR 174.9,6,14,0,4
ORDER_465,CUST_78,REST_1,BBQ Platter,STAFF_8,Multan,2025-05-04,3,PKR 941,PKR 0.1,PKR 2540.7,PKR 279.57,PKR 9.62,12,45,1,1
ORDER_466,CUST_75,REST_8,Burger,STAFF_5,Multan,2025-03-04,3,PKR 1052,PKR 0.0,PKR 3156.0,PKR 811.11,PKR 192.54,3,30,0,5
ORDER_467,CUST_75,REST_5,Biryani,STAFF_11,Multan,2025-03-26,1,PKR 1060,PKR 0.15,PKR 901.0,PKR 228.67,PKR 42.28,12,26,0,3
ORDER_468,CUST_38,REST_3,Biryani,STAFF_20,Sukkur,2025-05-27,5,PKR 633,PKR 0.0,PKR 3165.0,PKR 914.02,PKR 182.98,10,3,0,5
ORDER_469,CUST_4,REST_5,BBQ Platter,STAFF_3,Hyderabad,2025-03-12,5,PKR 257,PKR 0.1,PKR 1156.5,PKR 203.1,PKR 71.22,9,54,1,1
ORDER_470,CUST_95,REST_2,Pizza,STAFF_19,Hyderabad,2025-05-05,4,PKR 857,PKR 0.05,PKR 3256.6,PKR 580.9,PKR 228.21,17,11,0,1
ORDER_471,CUST_44,REST_2,Pizza,STAFF_20,Hyderabad,2025-04-23,4,PKR 1641,PKR 0.15,PKR 5579.4,PKR 1847.4,PKR 132.76,6,46,1,2
ORDER_472,CUST_74,REST_6,Biryani,STAFF_9,Karachi,2025-05-17,1,PKR 443,PKR 0.15,PKR 376.55,PKR 82.7,PKR 11.35,13,14,0,4
ORDER_473,CUST_61,REST_5,Pizza,STAFF_17,Lahore,2025-05-16,1,PKR 691,PKR 0.15,PKR 587.35,PKR 126.05,PKR 18.54,2,43,1,1
ORDER_474,CUST_69,REST_6,Fries,STAFF_20,Sukkur,2025-05-30,3,PKR 653,PKR 0.1,PKR 1763.1,PKR 600.68,PKR 45.02,15,25,0,2
ORDER_475,CUST_94,REST_10,Pasta,STAFF_17,Sukkur,2025-01-04,2,PKR 741,PKR 0.0,PKR 1482.0,PKR 447.33,PKR 123.26,4,26,0,5
ORDER_476,CUST_14,REST_8,Sandwich,STAFF_8,Sukkur,2025-02-25,3,PKR 495,PKR 0.0,PKR 1485.0,PKR 159.06,PKR 13.65,20,60,1,1
ORDER_477,CUST_91,REST_2,Burger,STAFF_20,Hyderabad,2025-03-06,4,PKR 1444,PKR 0.05,PKR 5487.2,PKR 2023.68,PKR 381.72,15,18,0,1
ORDER_478,CUST_82,REST_8,Karahi,STAFF_14,Sukkur,2025-04-10,3,PKR 431,PKR 0.0,PKR 1293.0,PKR 236.86,PKR 8.07,2,21,0,3
ORDER_479,CUST_34,REST_3,BBQ Platter,STAFF_3,Lahore,2025-02-06,2,PKR 1349,PKR 0.15,PKR 2293.3,PKR 352.1,PKR 112.84,14,34,1,2
ORDER_480,CUST_79,REST_2,BBQ Platter,STAFF_9,Karachi,2025-04-25,1,PKR 249,PKR 0.0,PKR 249.0,PKR 67.58,PKR 6.24,16,1,0,2
ORDER_481,CUST_84,REST_1,Biryani,STAFF_13,Sukkur,2025-05-12,2,PKR 1533,PKR 0.1,PKR 2759.4,PKR 1024.8,PKR 158.57,16,45,1,4
ORDER_482,CUST_56,REST_7,Burger,STAFF_18,Hyderabad,2025-04-02,1,PKR 887,PKR 0.15,PKR 753.95,PKR 102.81,PKR 40.36,10,21,0,4
ORDER_483,CUST_8,REST_2,Sandwich,STAFF_18,Sukkur,2025-02-21,1,PKR 1822,PKR 0.15,PKR 1548.7,PKR 508.18,PKR 44.91,18,11,0,1
ORDER_484,CUST_50,REST_4,Karahi,STAFF_13,Karachi,2025-02-18,3,PKR 1096,PKR 0.0,PKR 3288.0,PKR 1201.98,PKR 144.01,2,8,0,2
ORDER_485,CUST_4,REST_10,Pasta,STAFF_16,Lahore,2025-04-26,1,PKR 1723,PKR 0.1,PKR 1550.7,PKR 387.53,PKR 149.64,2,1,0,3
ORDER_486,CUST_8,REST_6,Biryani,STAFF_13,Karachi,2025-05-18,2,PKR 1752,PKR 0.15,PKR 2978.4,PKR 1137.83,PKR 259.18,19,9,0,2
ORDER_487,CUST_10,REST_1,Pizza,STAFF_16,Karachi,2025-01-04,4,PKR 1957,PKR 0.0,PKR 7828.0,PKR 1352.72,PKR 507.87,2,11,0,3
ORDER_488,CUST_13,REST_8,Pizza,STAFF_19,Karachi,2025-01-17,1,PKR 333,PKR 0.15,PKR 283.05,PKR 78.83,PKR 17.43,7,51,1,4
ORDER_489,CUST_44,REST_7,Sandwich,STAFF_4,Multan,2025-01-12,5,PKR 381,PKR 0.1,PKR 1714.5,PKR 601.67,PKR 135.98,6,37,1,3
ORDER_490,CUST_9,REST_2,Karahi,STAFF_5,Lahore,2025-05-29,2,PKR 1526,PKR 0.1,PKR 2746.8,PKR 730.71,PKR 120.49,5,2,0,1
ORDER_491,CUST_81,REST_10,Fries,STAFF_6,Karachi,2025-03-14,4,PKR 265,PKR 0.0,PKR 1060.0,PKR 108.3,PKR 98.17,16,26,0,2
ORDER_492,CUST_27,REST_3,Karahi,STAFF_17,Lahore,2025-02-16,4,PKR 589,PKR 0.05,PKR 2238.2,PKR 633.77,PKR 8.42,16,45,1,5
ORDER_493,CUST_12,REST_5,Sandwich,STAFF_14,Karachi,2025-01-25,5,PKR 582,PKR 0.05,PKR 2764.5,PKR 373.91,PKR 146.57,12,39,1,5
ORDER_494,CUST_65,REST_4,BBQ Platter,STAFF_7,Sukkur,2025-05-02,1,PKR 496,PKR 0.0,PKR 496.0,PKR 168.14,PKR 33.99,6,31,1,2
ORDER_495,CUST_86,REST_1,Biryani,STAFF_12,Sukkur,2025-04-27,2,PKR 990,PKR 0.1,PKR 1782.0,PKR 356.91,PKR 143.48,4,2,0,1
ORDER_496,CUST_69,REST_3,Pizza,STAFF_1,Lahore,2025-05-29,5,PKR 337,PKR 0.0,PKR 1685.0,PKR 620.96,PKR 121.56,14,20,0,2
ORDER_497,CUST_96,REST_6,Pasta,STAFF_4,Sukkur,2025-04-07,2,PKR 300,PKR 0.05,PKR 570.0,PKR 183.15,PKR 49.58,8,57,1,1
ORDER_498,CUST_61,REST_10,BBQ Platter,STAFF_2,Lahore,2025-04-28,2,PKR 542,PKR 0.15,PKR 921.4,PKR 141.36,PKR 34.41,7,46,1,3
ORDER_499,CUST_35,REST_4,Sandwich,STAFF_5,Karachi,2025-04-28,5,PKR 222,PKR 0.1,PKR 999.0,PKR 140.81,PKR 85.08,6,26,0,3
ORDER_500,CUST_29,REST_5,Pizza,STAFF_20,Hyderabad,2025-05-06,5,PKR 1232,PKR 0.05,PKR 5852.0,PKR 737.01,PKR 501.5,7,55,1,5
